user_id,product_id,category,price,weight,feature_type,is_brand,discount,action,product_name,product_category
21,3,396,0.0,0.6161616161616161,246,False,0.5252525252525252,1,14,1
66,4,360,1.0,0.9797979797979798,264,True,0.0202020202020202,0,3,5
88,18,5,0.5454545454545454,0.9494949494949495,351,True,0.0101010101010101,1,5,13
47,4,353,0.6161616161616161,0.41414141414141414,15,True,0.3131313131313131,0,3,5
76,0,630,0.9393939393939394,0.5858585858585859,450,False,0.40404040404040403,1,13,19
49,13,516,0.8888888888888888,0.8282828282828283,434,True,0.8484848484848485,0,19,7
91,17,362,0.8383838383838383,0.6464646464646465,556,False,0.3232323232323232,2,7,4
98,8,155,0.5858585858585859,0.29292929292929293,488,True,0.9393939393939393,2,11,15
29,4,344,0.8888888888888888,0.8181818181818181,563,False,0.4242424242424242,2,3,5
22,7,544,0.3939393939393939,0.10101010101010102,203,True,0.9494949494949495,0,9,18
31,12,270,0.5656565656565656,0.9797979797979798,155,False,0.20202020202020202,0,6,2
63,17,497,0.1414141414141414,0.6767676767676768,578,False,0.8282828282828283,0,7,4
82,13,120,0.030303030303030304,0.7373737373737373,490,True,0.0707070707070707,1,19,7
34,4,606,0.9494949494949495,0.43434343434343436,533,False,0.3434343434343434,0,3,5
91,11,279,0.16161616161616163,0.43434343434343436,149,False,0.1919191919191919,2,2,17
50,16,508,0.21212121212121213,0.25252525252525254,147,True,0.303030303030303,1,8,10
65,6,105,0.35353535353535354,0.1717171717171717,36,False,0.23232323232323232,0,15,0
48,11,579,0.6363636363636364,0.6363636363636364,348,False,0.303030303030303,2,2,17
77,8,59,0.30303030303030304,0.47474747474747475,96,True,0.8282828282828283,2,11,15
97,9,190,0.7878787878787878,0.5252525252525253,190,True,0.40404040404040403,0,17,3
89,10,76,0.13131313131313133,0.8484848484848485,175,True,0.2121212121212121,2,4,16
87,17,156,0.5252525252525253,0.21212121212121213,244,False,0.3737373737373737,0,7,4
20,17,345,0.09090909090909091,0.5656565656565656,322,True,0.7777777777777777,1,7,4
55,0,406,0.06060606060606061,0.4444444444444445,299,True,0.1111111111111111,0,13,19
16,9,394,0.8484848484848485,0.24242424242424243,398,True,0.8080808080808081,2,17,3
26,11,61,0.18181818181818182,0.9191919191919192,396,False,0.7676767676767676,0,2,17
78,2,352,0.6262626262626263,0.8585858585858586,576,False,0.2222222222222222,1,1,12
29,13,362,0.1919191919191919,0.6666666666666667,37,True,0.46464646464646464,1,19,7
6,19,544,0.08080808080808081,0.0,436,True,0.6666666666666666,1,12,6
10,14,543,0.7070707070707071,0.6363636363636364,489,True,0.9696969696969697,0,18,11
54,14,337,0.9292929292929293,0.7777777777777778,0,True,0.0808080808080808,1,18,11
36,10,153,0.8484848484848485,0.15151515151515152,297,False,0.0404040404040404,1,4,16
79,6,453,0.48484848484848486,0.3434343434343434,600,True,0.8181818181818181,0,15,0
71,9,505,0.04040404040404041,0.6767676767676768,120,True,0.3737373737373737,2,17,3
47,11,177,0.5656565656565656,0.5555555555555556,60,False,0.9191919191919191,0,2,17
28,11,340,0.5353535353535354,0.0202020202020202,609,True,0.2828282828282828,2,2,17
54,17,504,0.3434343434343434,0.5757575757575757,352,True,0.6666666666666666,1,7,4
28,8,576,0.8484848484848485,0.33333333333333337,349,True,0.23232323232323232,0,11,15
13,17,593,0.6666666666666666,0.04040404040404041,549,True,0.8181818181818181,2,7,4
79,15,517,0.5454545454545454,0.2828282828282828,21,True,0.7171717171717171,2,10,9
57,15,419,0.16161616161616163,0.23232323232323232,437,False,0.6464646464646464,2,10,9
42,8,556,0.23232323232323232,0.37373737373737376,428,True,0.9292929292929293,1,11,15
73,1,78,0.46464646464646464,0.27272727272727276,224,False,0.9090909090909091,2,16,14
71,4,42,0.5858585858585859,0.26262626262626265,534,True,0.101010101010101,2,3,5
79,2,84,0.1717171717171717,0.18181818181818182,594,False,0.2828282828282828,0,1,12
57,9,377,0.6363636363636364,0.7373737373737373,265,True,0.1111111111111111,2,17,3
32,12,66,0.29292929292929293,0.0,414,False,0.9191919191919191,2,6,2
61,14,621,0.9696969696969697,0.4444444444444445,113,False,0.3434343434343434,0,18,11
41,7,454,0.9191919191919192,0.8181818181818181,16,False,0.9090909090909091,0,9,18
27,4,546,0.37373737373737376,0.6060606060606061,161,True,0.7474747474747474,1,3,5
93,13,376,0.7575757575757576,0.050505050505050504,143,True,0.8080808080808081,2,19,7
27,12,602,0.98989898989899,0.38383838383838387,617,False,0.20202020202020202,0,6,2
49,14,395,0.29292929292929293,0.26262626262626265,376,True,0.5454545454545454,1,18,11
25,11,204,0.5959595959595959,0.27272727272727276,554,True,0.2525252525252525,1,2,17
19,3,433,0.1717171717171717,0.40404040404040403,105,True,0.7171717171717171,2,14,1
48,19,47,0.6161616161616161,0.5656565656565656,45,False,0.5858585858585857,1,12,6
71,3,8,0.4444444444444444,0.787878787878788,533,True,0.2828282828282828,0,14,1
72,10,357,0.6060606060606061,0.11111111111111112,530,True,0.101010101010101,0,4,16
54,17,620,0.5959595959595959,0.41414141414141414,460,True,0.24242424242424243,0,7,4
62,16,33,0.9595959595959596,0.42424242424242425,567,False,0.5656565656565656,2,8,10
89,19,492,0.23232323232323232,0.7474747474747475,41,True,0.9494949494949495,2,12,6
14,10,194,0.04040404040404041,0.21212121212121213,176,True,0.6666666666666666,1,4,16
12,11,189,0.46464646464646464,0.7373737373737373,285,True,0.2121212121212121,0,2,17
97,9,535,0.8282828282828283,0.25252525252525254,593,False,0.98989898989899,2,17,3
1,7,537,0.050505050505050504,0.9797979797979798,301,False,0.8686868686868686,0,9,18
28,14,81,0.10101010101010101,0.27272727272727276,417,True,0.46464646464646464,1,18,11
28,15,248,0.8888888888888888,0.6262626262626263,220,False,0.7575757575757575,0,10,9
1,3,356,0.8686868686868687,0.33333333333333337,58,True,0.3535353535353535,0,14,1
1,19,428,0.6363636363636364,0.5959595959595959,300,True,0.7373737373737373,2,12,6
93,8,277,0.5151515151515151,0.6060606060606061,261,True,0.09090909090909091,1,11,15
83,19,405,0.6565656565656566,0.050505050505050504,539,False,0.7272727272727272,1,12,6
84,12,487,0.23232323232323232,0.7575757575757576,129,False,0.0,2,6,2
17,2,73,0.45454545454545453,0.16161616161616163,307,False,0.8282828282828283,1,1,12
52,11,379,0.020202020202020204,0.797979797979798,503,False,0.9494949494949495,1,2,17
3,3,371,0.16161616161616163,0.8383838383838383,242,True,0.6565656565656566,2,14,1
80,3,588,0.46464646464646464,0.5555555555555556,406,False,0.0202020202020202,0,14,1
60,12,81,0.5353535353535354,0.08080808080808081,271,True,0.505050505050505,0,6,2
35,19,624,0.8181818181818182,0.6565656565656566,528,False,0.7373737373737373,1,12,6
83,8,143,0.10101010101010101,0.9494949494949495,455,True,0.2525252525252525,1,11,15
92,13,411,0.6262626262626263,0.47474747474747475,532,True,0.45454545454545453,0,19,7
36,3,500,0.7777777777777778,0.8282828282828283,267,True,0.9191919191919191,2,14,1
3,15,452,0.5353535353535354,0.5656565656565656,310,True,0.0404040404040404,0,10,9
25,11,568,0.25252525252525254,0.6060606060606061,476,True,0.45454545454545453,1,2,17
27,4,281,0.10101010101010101,0.8383838383838383,325,False,0.707070707070707,0,3,5
20,13,513,0.5050505050505051,0.8383838383838383,574,True,0.17171717171717168,2,19,7
35,6,71,0.36363636363636365,0.9191919191919192,407,False,0.6868686868686869,1,15,0
57,12,81,0.5151515151515151,0.20202020202020202,238,True,0.45454545454545453,0,6,2
63,0,112,0.8686868686868687,0.7575757575757576,485,True,0.12121212121212122,1,13,19
5,1,37,0.40404040404040403,0.08080808080808081,437,False,0.7979797979797979,1,16,14
84,15,446,0.12121212121212122,0.8080808080808082,30,False,0.2929292929292929,0,10,9
20,8,154,0.5959595959595959,0.010101010101010102,86,False,0.1919191919191919,2,11,15
86,16,398,0.6363636363636364,0.5050505050505051,152,True,0.20202020202020202,0,8,10
81,12,448,0.797979797979798,0.24242424242424243,345,False,0.3434343434343434,0,6,2
52,6,437,0.020202020202020204,0.5757575757575757,514,False,0.3232323232323232,0,15,0
75,5,571,0.43434343434343436,0.9191919191919192,382,False,0.41414141414141414,0,0,8
30,19,292,0.7474747474747475,0.9393939393939393,469,False,0.46464646464646464,1,12,6
62,4,213,0.8686868686868687,0.6161616161616161,340,True,0.8080808080808081,0,3,5
25,5,316,0.5454545454545454,0.010101010101010102,82,False,0.47474747474747475,1,0,8
96,9,343,0.5959595959595959,0.7474747474747475,184,True,0.3636363636363636,1,17,3
41,14,520,0.7171717171717171,0.9393939393939393,584,False,0.6666666666666666,1,18,11
96,11,545,0.10101010101010101,0.26262626262626265,140,False,0.1515151515151515,1,2,17
21,18,227,0.6868686868686869,0.43434343434343436,137,False,0.5858585858585857,1,5,13
34,3,318,0.5151515151515151,0.38383838383838387,243,False,0.4343434343434343,2,14,1
58,4,375,0.7878787878787878,1.0,18,True,0.3535353535353535,2,3,5
25,1,214,0.3838383838383838,0.18181818181818182,521,False,0.7373737373737373,2,16,14
53,5,403,0.1414141414141414,0.11111111111111112,58,True,0.0808080808080808,1,0,8
70,17,150,0.5656565656565656,0.09090909090909093,15,True,0.14141414141414138,0,7,4
67,18,48,0.6060606060606061,0.19191919191919193,134,True,0.13131313131313133,2,5,13
2,0,246,0.3333333333333333,0.6262626262626263,140,False,0.5959595959595959,1,13,19
60,10,530,0.47474747474747475,0.9696969696969697,78,True,0.3636363636363636,2,4,16
68,13,419,0.797979797979798,0.6565656565656566,397,True,0.6868686868686869,0,19,7
38,13,477,0.8080808080808081,0.33333333333333337,269,True,0.2626262626262626,1,19,7
72,18,256,0.7474747474747475,0.5858585858585859,357,True,0.101010101010101,1,5,13
75,15,79,0.6060606060606061,0.5757575757575757,201,False,0.7373737373737373,1,10,9
93,18,577,0.6666666666666666,0.42424242424242425,445,False,0.1818181818181818,0,5,13
53,19,193,0.3434343434343434,0.31313131313131315,410,False,0.8181818181818181,2,12,6
35,2,9,0.3434343434343434,0.41414141414141414,79,False,0.46464646464646464,1,1,12
40,4,357,0.30303030303030304,0.09090909090909093,147,True,0.9191919191919191,0,3,5
73,15,460,0.5656565656565656,0.1717171717171717,439,False,0.1111111111111111,0,10,9
18,3,295,0.7878787878787878,1.0,379,True,0.9797979797979798,1,14,1
93,16,79,0.35353535353535354,0.6060606060606061,15,False,0.7777777777777777,1,8,10
17,14,525,0.020202020202020204,0.16161616161616163,329,True,0.12121212121212122,0,18,11
68,11,37,0.24242424242424243,0.1717171717171717,47,False,0.98989898989899,2,2,17
32,17,98,0.46464646464646464,0.060606060606060615,144,False,0.1919191919191919,1,7,4
0,17,530,0.42424242424242425,0.9191919191919192,83,True,0.7979797979797979,1,7,4
75,11,273,0.5353535353535354,0.9797979797979798,293,True,0.0101010101010101,1,2,17
30,10,619,0.7474747474747475,0.8585858585858586,23,False,0.606060606060606,0,4,16
72,6,586,0.6666666666666666,0.09090909090909093,560,False,0.7979797979797979,1,15,0
69,11,313,0.9090909090909091,0.7272727272727273,270,True,0.050505050505050504,1,2,17
59,4,422,0.020202020202020204,0.7575757575757576,570,True,0.0404040404040404,2,3,5
81,7,187,0.9393939393939394,1.0,130,True,0.4242424242424242,1,9,18
70,16,306,0.23232323232323232,0.25252525252525254,616,True,0.7878787878787878,2,8,10
41,5,404,0.3838383838383838,0.393939393939394,178,True,0.46464646464646464,1,0,8
71,5,432,0.6060606060606061,0.27272727272727276,350,False,0.0202020202020202,0,0,8
56,4,50,0.40404040404040403,0.8282828282828283,335,False,0.7474747474747474,0,3,5
2,2,170,0.030303030303030304,0.31313131313131315,466,False,0.47474747474747475,2,1,12
86,6,95,0.1919191919191919,0.5454545454545455,446,True,0.050505050505050504,0,15,0
18,7,597,0.24242424242424243,0.16161616161616163,215,False,0.8585858585858585,0,9,18
5,13,111,0.31313131313131315,0.9090909090909092,100,True,0.3333333333333333,2,19,7
32,17,178,0.23232323232323232,0.393939393939394,106,True,0.8686868686868686,2,7,4
92,11,185,0.25252525252525254,0.8686868686868687,175,False,0.505050505050505,1,2,17
53,15,233,0.26262626262626265,0.8686868686868687,237,True,0.20202020202020202,1,10,9
76,10,48,0.7676767676767676,0.32323232323232326,92,True,0.23232323232323232,2,4,16
76,8,28,0.5454545454545454,0.98989898989899,352,False,0.2121212121212121,0,11,15
58,18,80,0.7171717171717171,0.8181818181818181,336,True,0.0101010101010101,2,5,13
85,2,452,0.8484848484848485,0.6060606060606061,243,False,0.46464646464646464,0,1,12
93,9,418,0.2828282828282828,0.8484848484848485,565,True,0.6868686868686869,1,17,3
28,18,218,0.1414141414141414,0.6363636363636364,421,True,0.5858585858585857,0,5,13
93,0,534,1.0,0.48484848484848486,80,True,0.6565656565656566,2,13,19
36,11,294,0.36363636363636365,0.6565656565656566,297,True,0.7676767676767676,1,2,17
66,4,299,0.6868686868686869,0.060606060606060615,617,True,0.3939393939393939,0,3,5
35,5,82,0.43434343434343436,0.32323232323232326,554,False,0.7272727272727272,1,0,8
3,6,518,0.8888888888888888,0.010101010101010102,161,True,0.494949494949495,1,15,0
31,5,53,0.6767676767676768,0.6060606060606061,290,False,1.0,2,0,8
59,9,423,0.13131313131313133,0.5858585858585859,494,True,0.5151515151515151,0,17,3
90,11,240,0.0,0.22222222222222224,358,True,0.45454545454545453,1,2,17
50,14,589,0.8585858585858586,0.5151515151515151,69,True,0.5252525252525252,0,18,11
50,13,299,0.010101010101010102,0.9393939393939393,501,False,0.7474747474747474,2,19,7
75,3,123,0.9292929292929293,0.1414141414141414,158,False,0.3636363636363636,0,14,1
62,6,244,0.09090909090909091,0.8787878787878788,110,False,0.6767676767676768,1,15,0
60,6,173,0.37373737373737376,0.98989898989899,393,False,0.5656565656565656,2,15,0
64,5,427,1.0,0.10101010101010102,385,True,0.9696969696969697,1,0,8
55,11,91,0.29292929292929293,0.5454545454545455,166,True,0.6161616161616161,2,2,17
67,14,616,0.25252525252525254,0.5151515151515151,429,False,0.9393939393939393,2,18,11
67,16,612,0.13131313131313133,0.9191919191919192,472,False,0.8787878787878787,0,8,10
15,0,522,0.9797979797979798,0.8282828282828283,20,True,0.5858585858585857,1,13,19
30,12,613,0.3939393939393939,0.11111111111111112,315,False,0.0202020202020202,2,6,2
37,11,604,0.6767676767676768,0.12121212121212123,177,True,0.6565656565656566,0,2,17
93,0,578,0.020202020202020204,0.38383838383838387,17,False,0.7979797979797979,1,13,19
61,13,626,0.1111111111111111,0.6868686868686869,281,False,0.3434343434343434,2,19,7
94,17,52,0.8585858585858586,0.5757575757575757,485,True,0.7878787878787878,1,7,4
96,13,55,0.6464646464646465,0.18181818181818182,317,True,0.0707070707070707,2,19,7
64,15,253,0.3333333333333333,0.888888888888889,291,False,0.47474747474747475,1,10,9
84,13,459,0.030303030303030304,0.9393939393939393,107,False,0.09090909090909091,1,19,7
92,0,484,0.3434343434343434,0.6565656565656566,410,False,0.9393939393939393,2,13,19
1,7,566,0.5353535353535354,0.9090909090909092,117,True,0.8787878787878787,0,9,18
67,6,296,0.8181818181818182,0.9090909090909092,192,False,0.24242424242424243,0,15,0
94,9,169,0.37373737373737376,0.6565656565656566,595,True,0.050505050505050504,1,17,3
69,15,445,0.16161616161616163,0.5858585858585859,508,False,0.8282828282828283,1,10,9
28,18,259,0.6262626262626263,0.6565656565656566,366,True,0.6767676767676768,2,5,13
62,1,557,0.13131313131313133,0.8484848484848485,392,True,0.2727272727272727,0,16,14
12,14,598,0.9393939393939394,0.30303030303030304,295,False,0.12121212121212122,1,18,11
82,15,616,0.06060606060606061,0.38383838383838387,279,False,0.1111111111111111,1,10,9
0,13,407,0.42424242424242425,0.9494949494949495,75,True,0.5555555555555556,0,19,7
83,11,623,0.43434343434343436,0.010101010101010102,189,False,0.6161616161616161,2,2,17
39,9,536,0.10101010101010101,0.8787878787878788,327,False,0.505050505050505,2,17,3
90,13,380,0.7474747474747475,0.36363636363636365,221,True,0.7878787878787878,0,19,7
72,14,326,0.8383838383838383,0.494949494949495,102,True,0.5858585858585857,1,18,11
76,15,613,0.7777777777777778,0.22222222222222224,174,True,0.2121212121212121,1,10,9
41,8,485,0.5454545454545454,0.6262626262626263,229,True,0.1515151515151515,0,11,15
60,0,234,0.494949494949495,0.37373737373737376,154,True,0.5858585858585857,1,13,19
90,19,496,0.41414141414141414,0.7373737373737373,351,False,0.7676767676767676,0,12,6
44,14,265,0.3939393939393939,0.98989898989899,147,False,0.06060606060606061,2,18,11
89,12,245,0.7171717171717171,1.0,505,True,0.3535353535353535,1,6,2
38,6,57,0.6666666666666666,0.5252525252525253,442,False,0.5555555555555556,2,15,0
88,0,444,0.6262626262626263,0.4545454545454546,326,False,0.1919191919191919,0,13,19
86,4,604,0.9393939393939394,0.30303030303030304,433,True,0.1515151515151515,2,3,5
7,4,457,0.050505050505050504,0.7474747474747475,427,False,0.3939393939393939,0,3,5
7,13,210,0.3838383838383838,0.1414141414141414,572,False,0.9696969696969697,2,19,7
54,10,446,0.696969696969697,0.5757575757575757,125,False,0.2929292929292929,0,4,16
79,1,245,0.3434343434343434,0.22222222222222224,142,True,0.4242424242424242,2,16,14
57,18,435,0.3838383838383838,1.0,358,False,0.3131313131313131,2,5,13
64,2,363,1.0,0.5151515151515151,361,False,0.3131313131313131,2,1,12
70,19,41,0.7474747474747475,0.030303030303030304,462,False,0.7878787878787878,1,12,6
23,5,155,0.42424242424242425,0.04040404040404041,324,False,0.1616161616161616,0,0,8
6,8,153,0.050505050505050504,0.6060606060606061,258,False,0.7272727272727272,0,11,15
24,13,112,0.5959595959595959,0.30303030303030304,263,True,0.8484848484848485,0,19,7
97,5,131,0.7070707070707071,0.2828282828282828,188,False,0.1515151515151515,2,0,8
56,18,15,0.18181818181818182,0.030303030303030304,414,True,0.3838383838383838,0,5,13
26,1,245,0.6363636363636364,0.9393939393939393,113,True,0.12121212121212122,1,16,14
25,4,249,0.5555555555555556,0.13131313131313133,566,False,0.3838383838383838,1,3,5
62,0,114,0.5959595959595959,0.797979797979798,320,True,0.9595959595959596,1,13,19
77,15,57,0.5858585858585859,0.48484848484848486,186,True,0.45454545454545453,0,10,9
54,6,290,0.42424242424242425,0.38383838383838387,511,True,0.606060606060606,1,15,0
30,12,453,0.5959595959595959,0.9393939393939393,30,True,0.06060606060606061,1,6,2
96,16,553,0.5050505050505051,0.888888888888889,39,False,0.9393939393939393,1,8,10
43,10,536,0.18181818181818182,0.47474747474747475,569,True,0.606060606060606,1,4,16
31,0,394,0.29292929292929293,0.5151515151515151,252,True,0.3232323232323232,0,13,19
86,18,496,0.26262626262626265,0.24242424242424243,496,True,0.7878787878787878,1,5,13
36,14,324,0.7777777777777778,0.26262626262626265,66,False,0.06060606060606061,0,18,11
43,19,137,0.42424242424242425,0.9494949494949495,376,True,0.46464646464646464,0,12,6
86,8,250,0.37373737373737376,0.46464646464646464,205,False,0.5252525252525252,2,11,15
58,1,174,0.7171717171717171,0.48484848484848486,404,False,0.98989898989899,2,16,14
39,4,119,0.43434343434343436,0.1717171717171717,61,False,0.41414141414141414,2,3,5
56,7,160,0.7272727272727273,0.35353535353535354,550,False,0.3131313131313131,0,9,18
50,7,387,0.5858585858585859,0.6060606060606061,236,True,0.7474747474747474,2,9,18
91,1,257,0.4444444444444444,0.20202020202020202,589,True,0.2121212121212121,0,16,14
4,17,603,0.25252525252525254,0.5252525252525253,297,True,0.9393939393939393,1,7,4
5,7,185,0.41414141414141414,0.8282828282828283,290,True,0.2626262626262626,0,9,18
7,9,3,0.8888888888888888,0.6565656565656566,43,True,0.7171717171717171,0,17,3
68,6,68,0.5959595959595959,0.7070707070707071,153,False,0.6161616161616161,0,15,0
2,0,605,0.04040404040404041,0.6767676767676768,188,False,0.3636363636363636,1,13,19
27,6,395,0.5252525252525253,0.6161616161616161,50,True,0.696969696969697,1,15,0
91,15,627,0.30303030303030304,0.30303030303030304,260,False,0.606060606060606,0,10,9
30,3,272,0.20202020202020202,0.7474747474747475,210,True,0.7777777777777777,0,14,1
22,12,38,0.5656565656565656,0.40404040404040403,365,True,0.0808080808080808,1,6,2
47,15,110,0.3434343434343434,0.46464646464646464,549,False,0.6868686868686869,1,10,9
87,4,304,0.46464646464646464,0.5353535353535354,383,False,0.7979797979797979,0,3,5
34,0,541,0.6868686868686869,0.13131313131313133,484,True,0.7676767676767676,0,13,19
2,9,289,0.35353535353535354,0.6666666666666667,491,False,0.8787878787878787,0,17,3
95,19,215,0.5353535353535354,0.7070707070707071,103,False,0.4444444444444444,2,12,6
71,2,470,0.696969696969697,0.7474747474747475,584,False,0.2727272727272727,0,1,12
80,16,156,0.7070707070707071,0.050505050505050504,362,True,0.7878787878787878,2,8,10
93,5,181,0.8484848484848485,0.5858585858585859,354,False,0.98989898989899,1,0,8
16,11,247,0.46464646464646464,0.47474747474747475,322,True,0.5959595959595959,1,2,17
82,13,322,0.6868686868686869,0.6565656565656566,310,False,0.2828282828282828,0,19,7
55,9,491,0.6262626262626263,0.36363636363636365,538,False,0.3131313131313131,1,17,3
66,5,371,0.5353535353535354,0.8383838383838383,242,True,0.12121212121212122,0,0,8
94,10,447,0.7777777777777778,0.5757575757575757,551,True,0.8383838383838383,2,4,16
15,3,179,0.46464646464646464,0.7070707070707071,123,False,0.0404040404040404,1,14,1
43,5,224,0.9797979797979798,0.29292929292929293,104,True,0.7474747474747474,2,0,8
35,10,16,0.48484848484848486,0.24242424242424243,368,False,0.47474747474747475,2,4,16
49,14,547,0.9191919191919192,0.6969696969696969,122,True,0.505050505050505,2,18,11
5,0,402,0.5353535353535354,0.5757575757575757,87,True,0.5656565656565656,1,13,19
71,18,551,0.15151515151515152,0.8484848484848485,300,True,0.2727272727272727,0,5,13
29,18,223,0.494949494949495,0.7575757575757576,388,True,0.8484848484848485,0,5,13
86,4,454,0.7070707070707071,1.0,395,True,0.8585858585858585,2,3,5
61,19,458,0.40404040404040403,0.6161616161616161,65,False,0.12121212121212122,1,12,6
7,15,271,0.7373737373737373,0.888888888888889,461,False,0.2222222222222222,1,10,9
42,7,620,0.5151515151515151,0.7070707070707071,162,False,0.7979797979797979,2,9,18
75,5,52,0.20202020202020202,0.04040404040404041,318,True,0.101010101010101,1,0,8
96,16,589,0.3838383838383838,0.19191919191919193,167,True,0.6262626262626262,0,8,10
38,2,90,0.1717171717171717,0.0,534,True,0.1818181818181818,0,1,12
99,6,480,0.020202020202020204,0.8484848484848485,11,False,0.6666666666666666,2,15,0
49,2,187,0.16161616161616163,0.7070707070707071,166,True,0.8181818181818181,2,1,12
57,13,367,0.48484848484848486,0.1414141414141414,164,True,0.494949494949495,0,19,7
97,1,611,0.10101010101010101,0.6060606060606061,38,True,0.0707070707070707,1,16,14
28,10,558,0.2222222222222222,0.10101010101010102,303,False,0.5353535353535354,1,4,16
77,16,26,0.6464646464646465,0.6161616161616161,526,True,0.47474747474747475,0,8,10
48,0,416,0.9494949494949495,0.8282828282828283,211,False,0.8787878787878787,2,13,19
77,6,171,0.15151515151515152,0.5050505050505051,55,True,0.9191919191919191,2,15,0
85,18,330,0.9696969696969697,0.9494949494949495,148,False,0.7575757575757575,1,5,13
36,3,390,0.8888888888888888,0.6161616161616161,274,True,0.7373737373737373,1,14,1
32,2,30,0.9292929292929293,0.8585858585858586,594,False,0.45454545454545453,1,1,12
39,18,467,0.5858585858585859,0.8383838383838383,591,True,0.9292929292929293,2,5,13
94,3,431,0.12121212121212122,0.22222222222222224,125,False,0.8585858585858585,2,14,1
19,0,70,0.898989898989899,0.15151515151515152,29,True,0.17171717171717168,2,13,19
24,14,388,0.7777777777777778,0.3434343434343434,270,True,0.7575757575757575,0,18,11
1,6,195,0.5454545454545454,0.1717171717171717,212,True,0.5151515151515151,2,15,0
2,2,448,0.5959595959595959,0.898989898989899,108,False,0.0202020202020202,2,1,12
93,14,231,0.696969696969697,0.6161616161616161,194,False,0.606060606060606,1,18,11
42,17,198,0.8787878787878788,0.20202020202020202,245,False,0.5555555555555556,0,7,4
0,3,208,0.36363636363636365,0.7373737373737373,102,True,0.0404040404040404,1,14,1
18,15,1,0.6363636363636364,1.0,575,False,0.8383838383838383,1,10,9
7,4,585,1.0,0.7777777777777778,374,True,0.12121212121212122,1,3,5
47,19,521,0.5757575757575758,0.29292929292929293,378,True,0.5858585858585857,1,12,6
91,10,469,0.8686868686868687,0.5151515151515151,511,False,0.9797979797979798,0,4,16
73,13,438,0.6767676767676768,0.32323232323232326,356,True,0.5656565656565656,0,19,7
95,0,237,0.20202020202020202,0.8383838383838383,2,False,0.7272727272727272,1,13,19
83,0,228,0.6565656565656566,0.04040404040404041,583,True,0.5151515151515151,2,13,19
6,13,529,0.7878787878787878,0.13131313131313133,261,True,0.20202020202020202,2,19,7
97,7,132,0.6565656565656566,0.8686868686868687,170,False,0.2525252525252525,1,9,18
28,1,270,0.7575757575757576,0.25252525252525254,102,True,0.3737373737373737,0,16,14
46,9,398,0.7878787878787878,0.41414141414141414,363,False,0.2727272727272727,0,17,3
27,12,308,0.45454545454545453,0.494949494949495,309,True,0.5454545454545454,2,6,2
30,17,437,0.2828282828282828,0.888888888888889,230,False,0.06060606060606061,1,7,4
16,13,34,0.6363636363636364,0.19191919191919193,0,True,0.6565656565656566,1,19,7
56,6,144,0.9191919191919192,0.5555555555555556,246,True,0.8484848484848485,0,15,0
78,15,319,0.6868686868686869,0.22222222222222224,108,False,0.41414141414141414,1,10,9
22,3,255,0.10101010101010101,0.5353535353535354,608,False,0.13131313131313133,0,14,1
23,11,156,0.20202020202020202,0.9494949494949495,493,True,0.6666666666666666,1,2,17
70,8,112,0.35353535353535354,0.5959595959595959,23,True,0.45454545454545453,0,11,15
86,12,96,0.15151515151515152,0.5151515151515151,425,False,0.8787878787878787,2,6,2
36,6,214,0.43434343434343436,0.32323232323232326,291,False,0.2929292929292929,0,15,0
14,9,216,0.5050505050505051,0.22222222222222224,19,False,0.20202020202020202,2,17,3
39,7,374,0.31313131313131315,0.9393939393939393,180,False,0.7676767676767676,0,9,18
84,19,314,0.2727272727272727,0.5252525252525253,26,False,0.2626262626262626,0,12,6
8,13,627,0.6262626262626263,0.32323232323232326,240,True,0.14141414141414138,1,19,7
0,16,149,0.41414141414141414,0.6969696969696969,477,False,0.3232323232323232,1,8,10
51,2,161,0.23232323232323232,0.9696969696969697,535,False,0.6868686868686869,0,1,12
63,15,549,0.5252525252525253,0.9797979797979798,616,True,0.6767676767676768,0,10,9
79,3,165,0.36363636363636365,0.6161616161616161,400,True,0.45454545454545453,0,14,1
86,15,21,0.08080808080808081,0.9696969696969697,254,True,0.5858585858585857,2,10,9
49,0,60,0.7777777777777778,0.7474747474747475,276,False,0.0707070707070707,1,13,19
66,5,67,0.23232323232323232,0.9696969696969697,112,True,0.4444444444444444,2,0,8
24,17,14,0.8787878787878788,0.47474747474747475,586,False,0.1111111111111111,1,7,4
7,10,274,0.9191919191919192,0.6868686868686869,473,True,0.2626262626262626,0,4,16
1,4,367,0.1919191919191919,0.8080808080808082,283,False,0.5454545454545454,1,3,5
54,12,521,0.13131313131313133,0.8484848484848485,280,False,0.5757575757575758,2,6,2
32,6,403,0.48484848484848486,0.5151515151515151,11,True,0.9292929292929293,0,15,0
28,4,188,0.9797979797979798,0.7171717171717171,257,True,0.4444444444444444,2,3,5
41,0,410,0.1717171717171717,0.5555555555555556,275,False,0.8181818181818181,1,13,19
43,3,366,0.32323232323232326,0.7373737373737373,555,False,0.8181818181818181,1,14,1
11,15,257,0.0,0.19191919191919193,527,True,0.6868686868686869,1,10,9
71,7,337,0.7171717171717171,0.787878787878788,335,False,0.5353535353535354,2,9,18
29,15,347,0.3333333333333333,0.7777777777777778,519,False,0.8181818181818181,1,10,9
59,14,260,0.3838383838383838,0.6262626262626263,9,True,0.0,2,18,11
80,9,459,0.696969696969697,0.010101010101010102,85,True,0.45454545454545453,0,17,3
58,15,262,0.6666666666666666,0.5151515151515151,459,False,0.696969696969697,1,10,9
7,9,542,0.43434343434343436,0.5959595959595959,281,False,0.5353535353535354,0,17,3
42,10,277,0.696969696969697,0.27272727272727276,518,False,0.606060606060606,1,4,16
97,0,132,0.6363636363636364,0.33333333333333337,160,False,0.5252525252525252,1,13,19
2,14,291,0.7171717171717171,0.5252525252525253,139,True,0.7171717171717171,0,18,11
99,8,336,0.9494949494949495,0.5050505050505051,356,False,0.1616161616161616,0,11,15
70,1,299,0.12121212121212122,0.23232323232323232,90,False,0.8181818181818181,2,16,14
69,7,64,0.0707070707070707,0.35353535353535354,561,False,0.4444444444444444,0,9,18
86,12,499,0.3333333333333333,0.4545454545454546,64,True,0.9797979797979798,2,6,2
79,2,61,0.8686868686868687,0.8282828282828283,104,True,0.8686868686868686,1,1,12
90,2,102,0.6565656565656566,0.7676767676767677,420,False,0.8383838383838383,1,1,12
34,12,158,0.6868686868686869,0.5454545454545455,601,False,0.1919191919191919,0,6,2
56,1,192,0.2828282828282828,0.98989898989899,182,True,0.7171717171717171,1,16,14
88,10,242,0.16161616161616163,0.5252525252525253,219,False,0.505050505050505,1,4,16
20,19,581,0.8888888888888888,0.9696969696969697,178,True,0.696969696969697,2,12,6
99,6,599,0.5656565656565656,0.2828282828282828,409,True,0.7171717171717171,1,15,0
46,17,312,0.010101010101010102,0.5656565656565656,224,False,0.14141414141414138,0,7,4
82,17,559,0.8181818181818182,0.7575757575757576,525,False,0.09090909090909091,1,7,4
43,10,604,0.8585858585858586,0.9797979797979798,2,True,0.06060606060606061,1,4,16
99,16,562,0.23232323232323232,0.35353535353535354,121,True,0.5555555555555556,2,8,10
96,13,75,0.7575757575757576,0.6565656565656566,432,False,0.5656565656565656,2,19,7
40,6,6,0.41414141414141414,0.7373737373737373,266,False,0.696969696969697,2,15,0
38,10,342,0.5858585858585859,0.46464646464646464,606,True,0.40404040404040403,2,4,16
88,5,184,0.7575757575757576,0.050505050505050504,397,False,0.20202020202020202,0,0,8
69,1,600,0.15151515151515152,0.35353535353535354,522,True,0.47474747474747475,1,16,14
26,6,550,0.8888888888888888,0.8080808080808082,483,True,0.9494949494949495,0,15,0
64,19,76,0.48484848484848486,0.393939393939394,612,True,0.494949494949495,1,12,6
42,9,263,0.030303030303030304,0.7070707070707071,457,False,0.505050505050505,0,17,3
89,16,540,0.7070707070707071,0.5858585858585859,212,False,0.17171717171717168,2,8,10
69,5,30,0.8383838383838383,0.13131313131313133,114,False,0.0,0,0,8
40,9,219,0.7373737373737373,0.7474747474747475,508,True,0.41414141414141414,0,17,3
98,19,198,0.797979797979798,0.030303030303030304,46,False,0.606060606060606,0,12,6
97,10,194,0.9191919191919192,0.6969696969696969,130,False,0.12121212121212122,1,4,16
33,14,466,0.21212121212121213,0.9292929292929294,344,False,0.3636363636363636,0,18,11
21,2,483,0.5858585858585859,0.9090909090909092,463,True,0.2525252525252525,1,1,12
39,13,613,0.43434343434343436,0.04040404040404041,426,False,0.7474747474747474,0,19,7
34,11,274,0.050505050505050504,0.5454545454545455,327,True,0.7676767676767676,2,2,17
19,14,431,0.18181818181818182,0.6262626262626263,543,False,0.09090909090909091,2,18,11
87,10,407,0.7272727272727273,0.19191919191919193,84,False,0.7979797979797979,2,4,16
41,6,113,0.13131313131313133,0.15151515151515152,517,True,0.6464646464646464,2,15,0
10,12,414,0.13131313131313133,0.33333333333333337,403,True,0.0202020202020202,1,6,2
11,0,256,0.3434343434343434,0.24242424242424243,42,True,0.6767676767676768,1,13,19
74,12,633,0.12121212121212122,0.6868686868686869,536,True,0.48484848484848486,1,6,2
2,15,31,0.8383838383838383,0.47474747474747475,99,False,0.696969696969697,0,10,9
77,2,20,0.5454545454545454,0.6464646464646465,387,False,0.3232323232323232,2,1,12
60,2,451,0.6464646464646465,0.8686868686868687,549,False,0.1616161616161616,1,1,12
74,14,583,0.898989898989899,0.494949494949495,325,True,0.20202020202020202,1,18,11
17,10,63,0.7777777777777778,0.7676767676767677,277,False,0.9090909090909091,0,4,16
69,1,293,0.4444444444444444,0.0202020202020202,211,False,0.9494949494949495,1,16,14
79,6,600,0.050505050505050504,0.7070707070707071,285,True,0.3131313131313131,2,15,0
90,2,206,0.5454545454545454,0.42424242424242425,550,False,0.2828282828282828,1,1,12
79,8,385,0.40404040404040403,0.6161616161616161,33,True,0.12121212121212122,0,11,15
73,18,267,0.23232323232323232,0.13131313131313133,329,False,0.7373737373737373,0,5,13
11,8,40,0.5959595959595959,0.5353535353535354,337,False,0.2626262626262626,2,11,15
83,5,481,0.030303030303030304,0.6969696969696969,431,False,0.101010101010101,1,0,8
59,7,341,0.030303030303030304,0.11111111111111112,196,False,0.0404040404040404,1,9,18
70,3,589,0.1717171717171717,0.787878787878788,338,True,0.050505050505050504,1,14,1
20,5,49,0.3939393939393939,0.0202020202020202,480,True,0.9393939393939393,2,0,8
2,8,62,0.8888888888888888,0.7474747474747475,434,True,0.1616161616161616,1,11,15
1,1,475,0.6565656565656566,0.16161616161616163,223,False,0.8888888888888888,2,16,14
74,2,488,0.5757575757575758,0.9696969696969697,607,True,0.7979797979797979,1,1,12
57,9,113,0.5555555555555556,0.4444444444444445,515,True,0.5959595959595959,1,17,3
26,4,358,0.21212121212121213,0.8585858585858586,500,False,0.3535353535353535,1,3,5
92,6,295,0.23232323232323232,0.13131313131313133,35,True,0.2121212121212121,2,15,0
60,3,447,0.5454545454545454,0.6868686868686869,316,True,1.0,1,14,1
93,5,287,0.5555555555555556,0.22222222222222224,248,False,0.505050505050505,1,0,8
15,11,445,0.9292929292929293,0.030303030303030304,189,False,0.8686868686868686,2,2,17
41,0,300,0.3434343434343434,0.41414141414141414,74,True,0.6161616161616161,0,13,19
85,6,548,0.1111111111111111,0.787878787878788,207,True,0.6666666666666666,0,15,0
4,12,70,0.13131313131313133,0.22222222222222224,129,True,0.8181818181818181,0,6,2
26,4,469,0.6060606060606061,0.7070707070707071,115,False,0.2222222222222222,0,3,5
0,15,320,0.898989898989899,0.37373737373737376,606,True,0.0707070707070707,1,10,9
10,12,554,0.2222222222222222,0.797979797979798,10,True,0.8080808080808081,2,6,2
94,7,264,0.030303030303030304,0.5454545454545455,268,True,0.030303030303030304,2,9,18
24,3,269,0.8282828282828283,0.060606060606060615,115,True,0.0808080808080808,1,14,1
46,4,575,0.06060606060606061,0.6464646464646465,579,True,0.8787878787878787,1,3,5
91,19,276,0.3434343434343434,0.33333333333333337,314,False,0.4242424242424242,0,12,6
61,13,147,0.797979797979798,0.5656565656565656,580,False,0.3737373737373737,2,19,7
51,0,466,0.5151515151515151,0.29292929292929293,333,False,0.5656565656565656,0,13,19
85,8,618,0.6767676767676768,0.393939393939394,277,True,0.6363636363636364,2,11,15
13,12,63,0.2222222222222222,0.33333333333333337,583,False,0.8686868686868686,1,6,2
16,4,21,0.8080808080808081,0.11111111111111112,544,False,0.8383838383838383,2,3,5
58,12,564,0.46464646464646464,0.19191919191919193,1,False,0.030303030303030304,2,6,2
63,16,283,0.050505050505050504,0.5454545454545455,194,False,0.1818181818181818,0,8,10
78,11,452,0.36363636363636365,0.4545454545454546,369,False,0.8585858585858585,0,2,17
60,9,241,0.020202020202020204,0.9393939393939393,172,False,0.3636363636363636,0,17,3
84,18,512,0.5252525252525253,0.797979797979798,57,True,0.9494949494949495,0,5,13
74,4,462,0.9595959595959596,0.8484848484848485,31,True,0.5555555555555556,1,3,5
14,10,340,0.0,0.6969696969696969,323,True,0.5959595959595959,2,4,16
79,10,348,0.23232323232323232,0.19191919191919193,523,False,0.5858585858585857,2,4,16
69,11,560,0.9797979797979798,0.23232323232323232,382,False,0.505050505050505,0,2,17
14,11,531,0.2222222222222222,0.7070707070707071,255,True,0.9797979797979798,2,2,17
74,1,413,0.98989898989899,0.26262626262626265,359,False,0.9292929292929293,1,16,14
61,2,191,0.26262626262626265,0.15151515151515152,34,False,0.9292929292929293,0,1,12
47,8,268,0.35353535353535354,0.8484848484848485,156,False,0.5555555555555556,0,11,15
57,0,468,0.020202020202020204,0.7373737373737373,196,True,0.030303030303030304,2,13,19
56,14,309,0.7676767676767676,0.9696969696969697,422,True,0.41414141414141414,2,18,11
37,12,605,0.41414141414141414,0.18181818181818182,198,True,0.6666666666666666,2,6,2
69,15,379,0.7171717171717171,0.9494949494949495,578,True,0.5959595959595959,2,10,9
39,5,346,0.5959595959595959,0.494949494949495,256,False,0.2727272727272727,1,0,8
17,13,544,0.20202020202020202,0.7474747474747475,241,False,0.5555555555555556,2,19,7
76,3,557,0.36363636363636365,0.33333333333333337,101,False,0.5454545454545454,2,14,1
92,6,386,0.6464646464646465,0.8080808080808082,101,True,0.6363636363636364,1,15,0
73,19,152,0.5454545454545454,0.6565656565656566,185,True,0.6868686868686869,1,12,6
61,6,22,0.8787878787878788,0.30303030303030304,398,True,0.7979797979797979,2,15,0
61,7,48,0.6767676767676768,0.8181818181818181,559,True,0.3434343434343434,1,9,18
22,12,496,0.797979797979798,0.11111111111111112,398,True,0.46464646464646464,2,6,2
78,1,361,0.6161616161616161,0.4444444444444445,211,True,0.7676767676767676,2,16,14
55,11,136,0.16161616161616163,0.9595959595959596,328,False,0.23232323232323232,2,2,17
16,2,149,0.09090909090909091,0.5959595959595959,11,True,0.5555555555555556,2,1,12
31,15,404,0.8686868686868687,0.27272727272727276,236,False,0.8888888888888888,0,10,9
10,3,396,0.9393939393939394,0.8282828282828283,381,True,0.7575757575757575,2,14,1
72,1,270,0.0707070707070707,0.0,582,False,0.8787878787878787,1,16,14
28,2,442,0.030303030303030304,0.393939393939394,142,True,0.0404040404040404,0,1,12
6,1,320,0.8585858585858586,0.20202020202020202,450,False,0.9393939393939393,1,16,14
35,8,365,0.1919191919191919,0.030303030303030304,304,False,0.4343434343434343,1,11,15
29,10,469,0.32323232323232326,0.6767676767676768,440,True,0.1515151515151515,0,4,16
7,12,397,0.9292929292929293,0.0,593,False,0.696969696969697,0,6,2
53,4,183,0.6565656565656566,0.8282828282828283,553,False,0.5151515151515151,0,3,5
53,3,213,0.20202020202020202,0.010101010101010102,465,True,0.7676767676767676,1,14,1
72,12,459,0.7575757575757576,0.494949494949495,207,False,0.2828282828282828,0,6,2
51,1,425,0.46464646464646464,0.6666666666666667,68,False,0.1818181818181818,2,16,14
51,19,353,0.1414141414141414,0.050505050505050504,251,False,0.0404040404040404,1,12,6
62,4,175,0.9696969696969697,0.41414141414141414,145,True,0.9191919191919191,0,3,5
64,4,616,0.5858585858585859,0.6868686868686869,95,False,0.5353535353535354,2,3,5
28,11,142,0.5757575757575758,0.29292929292929293,503,True,0.2121212121212121,0,2,17
87,11,70,0.6363636363636364,0.6666666666666667,568,False,0.98989898989899,0,2,17
59,15,413,0.7474747474747475,0.4545454545454546,332,False,0.45454545454545453,2,10,9
69,1,574,0.7474747474747475,0.24242424242424243,589,False,0.12121212121212122,0,16,14
74,10,298,0.5757575757575758,0.08080808080808081,614,True,0.5959595959595959,1,4,16
37,9,226,0.42424242424242425,0.46464646464646464,617,False,0.4343434343434343,2,17,3
1,15,305,0.31313131313131315,0.38383838383838387,276,False,0.9393939393939393,2,10,9
28,3,318,0.29292929292929293,0.7575757575757576,508,True,0.5858585858585857,0,14,1
97,13,196,0.7171717171717171,0.6666666666666667,17,False,0.3434343434343434,0,19,7
97,14,6,0.40404040404040403,0.23232323232323232,272,False,0.8989898989898989,2,18,11
42,9,339,0.898989898989899,0.6464646464646465,245,False,0.9090909090909091,0,17,3
2,13,239,0.12121212121212122,0.4444444444444445,12,False,0.494949494949495,1,19,7
43,5,217,0.8383838383838383,0.0,73,True,0.4343434343434343,0,0,8
4,3,399,0.3434343434343434,0.5454545454545455,394,True,0.9595959595959596,2,14,1
30,12,613,0.7171717171717171,0.98989898989899,590,False,0.4444444444444444,0,6,2
89,10,622,0.18181818181818182,0.5959595959595959,426,True,0.0202020202020202,2,4,16
0,6,480,0.7373737373737373,0.494949494949495,542,True,0.101010101010101,0,15,0
79,17,411,0.9595959595959596,0.32323232323232326,486,True,0.2727272727272727,2,7,4
66,4,595,0.9090909090909091,0.6767676767676768,435,False,0.6666666666666666,2,3,5
84,4,33,0.7373737373737373,0.7575757575757576,226,True,0.3131313131313131,1,3,5
4,9,2,0.7575757575757576,0.1414141414141414,451,True,0.2828282828282828,1,17,3
86,17,547,0.3333333333333333,0.888888888888889,357,False,0.1919191919191919,2,7,4
61,2,459,0.8282828282828283,0.9696969696969697,608,False,0.2727272727272727,1,1,12
5,12,563,0.1111111111111111,0.8787878787878788,91,False,0.5656565656565656,1,6,2
54,2,460,0.12121212121212122,0.6868686868686869,324,False,0.3939393939393939,0,1,12
53,3,449,0.43434343434343436,0.797979797979798,510,False,0.050505050505050504,1,14,1
42,4,68,0.26262626262626265,0.25252525252525254,513,True,0.47474747474747475,2,3,5
28,12,535,0.16161616161616163,0.9090909090909092,73,True,0.0202020202020202,2,6,2
69,0,360,0.7878787878787878,0.8484848484848485,146,True,0.1515151515151515,0,13,19
89,11,301,0.9090909090909091,0.46464646464646464,266,True,0.2525252525252525,2,2,17
42,18,393,0.010101010101010102,0.6464646464646465,554,False,0.0,0,5,13
12,14,321,0.06060606060606061,0.16161616161616163,421,True,0.696969696969697,0,18,11
28,6,86,0.8787878787878788,0.7575757575757576,1,False,0.0404040404040404,0,15,0
83,9,34,0.8686868686868687,0.0202020202020202,343,False,0.0,0,17,3
54,1,349,0.3838383838383838,0.6565656565656566,67,True,0.3737373737373737,0,16,14
24,0,384,0.3434343434343434,0.32323232323232326,135,True,0.5454545454545454,2,13,19
17,11,290,0.31313131313131315,0.1414141414141414,124,True,0.6464646464646464,2,2,17
68,15,7,0.04040404040404041,0.494949494949495,97,False,0.6464646464646464,2,10,9
1,0,443,0.6464646464646465,0.18181818181818182,510,True,0.030303030303030304,1,13,19
31,5,146,0.23232323232323232,0.40404040404040403,65,True,0.7777777777777777,2,0,8
67,7,170,0.42424242424242425,0.393939393939394,397,True,0.2525252525252525,1,9,18
5,5,510,0.6060606060606061,0.6565656565656566,79,False,0.7474747474747474,1,0,8
58,16,104,0.5858585858585859,0.27272727272727276,397,False,0.1515151515151515,1,8,10
69,19,118,0.10101010101010101,0.9494949494949495,415,False,0.5252525252525252,2,12,6
40,1,201,0.8484848484848485,0.13131313131313133,528,True,0.6464646464646464,1,16,14
96,7,124,0.3434343434343434,0.5252525252525253,578,True,0.505050505050505,2,9,18
22,6,298,0.23232323232323232,0.393939393939394,74,False,1.0,2,15,0
51,13,598,0.9797979797979798,0.9696969696969697,373,True,0.101010101010101,0,19,7
51,0,119,0.47474747474747475,0.7575757575757576,6,False,0.2929292929292929,1,13,19
11,15,5,1.0,0.5151515151515151,492,True,1.0,1,10,9
68,4,403,0.030303030303030304,0.20202020202020202,249,False,0.20202020202020202,1,3,5
2,7,587,0.5252525252525253,0.13131313131313133,545,True,0.3333333333333333,0,9,18
5,18,534,0.8383838383838383,0.7373737373737373,507,True,0.2828282828282828,2,5,13
17,7,557,0.1717171717171717,0.787878787878788,498,True,0.6363636363636364,0,9,18
77,1,3,0.7373737373737373,0.41414141414141414,501,False,0.8989898989898989,2,16,14
92,13,364,0.37373737373737376,0.6363636363636364,301,False,0.1515151515151515,2,19,7
40,13,473,0.42424242424242425,0.30303030303030304,322,True,0.1111111111111111,0,19,7
58,15,117,0.1414141414141414,0.11111111111111112,346,True,0.2121212121212121,1,10,9
21,6,400,0.13131313131313133,0.393939393939394,495,True,0.40404040404040403,0,15,0
77,13,212,0.5151515151515151,0.15151515151515152,599,True,0.9090909090909091,1,19,7
54,18,266,0.5858585858585859,0.41414141414141414,477,False,0.9191919191919191,1,5,13
24,2,533,0.7373737373737373,0.21212121212121213,605,True,0.98989898989899,0,1,12
42,5,569,0.43434343434343436,0.8282828282828283,604,True,0.6262626262626262,0,0,8
85,5,242,0.5252525252525253,0.9797979797979798,390,False,0.9797979797979798,0,0,8
86,8,87,0.9696969696969697,0.27272727272727276,185,True,0.707070707070707,2,11,15
65,7,278,0.6262626262626263,0.09090909090909093,4,False,0.9696969696969697,2,9,18
22,7,229,0.4444444444444444,0.7070707070707071,283,True,0.09090909090909091,2,9,18
34,18,460,0.1111111111111111,0.31313131313131315,382,False,0.9797979797979798,1,5,13
53,1,197,0.5151515151515151,0.6868686868686869,278,True,0.8484848484848485,0,16,14
46,1,11,0.5555555555555556,0.6262626262626263,213,False,0.6565656565656566,0,16,14
65,14,35,0.5858585858585859,0.29292929292929293,265,True,0.5151515151515151,1,18,11
54,18,516,0.5454545454545454,0.12121212121212123,205,True,0.6464646464646464,2,5,13
14,11,542,0.0707070707070707,0.7272727272727273,296,True,0.7373737373737373,1,2,17
86,11,289,0.5454545454545454,0.6363636363636364,562,True,0.6161616161616161,2,2,17
95,7,569,0.29292929292929293,0.08080808080808081,14,True,0.8585858585858585,2,9,18
24,0,221,0.9191919191919192,0.6969696969696969,612,False,0.7777777777777777,1,13,19
12,12,412,0.5555555555555556,0.98989898989899,7,False,0.5555555555555556,0,6,2
15,7,109,0.0,0.888888888888889,235,True,0.24242424242424243,0,9,18
7,9,139,0.37373737373737376,0.7171717171717171,313,False,0.696969696969697,0,17,3
43,8,493,0.8080808080808081,0.6161616161616161,8,False,0.4242424242424242,2,11,15
52,17,533,0.9191919191919192,0.47474747474747475,501,False,0.5151515151515151,2,7,4
47,15,85,0.5858585858585859,0.48484848484848486,507,True,0.14141414141414138,1,10,9
85,12,26,0.6363636363636364,0.898989898989899,581,True,0.4444444444444444,2,6,2
28,12,567,0.37373737373737376,0.37373737373737376,603,True,0.1919191919191919,1,6,2
66,9,355,0.6464646464646465,0.7474747474747475,386,False,0.0707070707070707,2,17,3
58,0,583,0.29292929292929293,0.40404040404040403,468,True,0.2828282828282828,1,13,19
2,0,76,0.8484848484848485,0.6060606060606061,370,True,0.5656565656565656,2,13,19
98,14,601,0.30303030303030304,0.24242424242424243,502,True,0.23232323232323232,2,18,11
14,3,254,0.32323232323232326,0.7373737373737373,133,False,0.7171717171717171,1,14,1
42,16,556,0.5454545454545454,0.29292929292929293,251,False,0.606060606060606,1,8,10
56,8,382,0.18181818181818182,0.5050505050505051,602,True,0.7575757575757575,0,11,15
71,19,231,0.8484848484848485,0.31313131313131315,391,False,0.9292929292929293,2,12,6
1,13,532,0.9090909090909091,0.9595959595959596,546,True,0.7474747474747474,1,19,7
87,6,158,0.020202020202020204,0.6969696969696969,409,True,0.48484848484848486,2,15,0
24,1,373,0.1111111111111111,0.7171717171717171,331,True,0.9292929292929293,1,16,14
15,14,162,0.5959595959595959,0.21212121212121213,71,True,0.2525252525252525,0,18,11
67,2,190,0.8787878787878788,0.6969696969696969,110,True,0.8686868686868686,0,1,12
80,19,84,0.8888888888888888,0.26262626262626265,467,False,0.0,1,12,6
79,11,626,0.29292929292929293,0.1717171717171717,512,False,0.5656565656565656,0,2,17
20,8,441,0.5858585858585859,0.30303030303030304,40,True,0.7979797979797979,1,11,15
60,8,260,0.41414141414141414,0.37373737373737376,422,False,0.050505050505050504,1,11,15
96,2,308,0.6161616161616161,0.23232323232323232,170,False,0.7878787878787878,0,1,12
90,1,623,0.30303030303030304,0.2828282828282828,479,False,0.8484848484848485,2,16,14
23,5,596,0.3838383838383838,0.7272727272727273,214,False,0.06060606060606061,0,0,8
97,15,173,0.37373737373737376,0.41414141414141414,466,True,0.2929292929292929,2,10,9
39,10,223,0.2727272727272727,0.43434343434343436,157,False,0.5656565656565656,1,4,16
69,5,116,0.20202020202020202,0.9595959595959596,142,False,0.8686868686868686,2,0,8
35,14,539,0.8181818181818182,0.0,341,True,0.0101010101010101,1,18,11
95,1,286,0.020202020202020204,0.7575757575757576,98,True,0.030303030303030304,0,16,14
33,4,561,0.46464646464646464,0.27272727272727276,270,True,0.0101010101010101,1,3,5
76,10,344,0.5151515151515151,0.26262626262626265,546,False,0.1818181818181818,1,4,16
28,17,51,0.25252525252525254,0.494949494949495,319,True,0.0707070707070707,0,7,4
25,6,573,0.9494949494949495,0.9191919191919192,539,True,0.707070707070707,1,15,0
41,6,251,0.10101010101010101,0.7373737373737373,165,False,0.1616161616161616,0,15,0
85,4,527,0.3333333333333333,0.1717171717171717,192,False,0.2525252525252525,0,3,5
90,12,12,0.7474747474747475,0.6060606060606061,179,False,0.4343434343434343,0,6,2
29,1,13,0.29292929292929293,0.5252525252525253,210,True,0.24242424242424243,2,16,14
77,15,219,0.3939393939393939,0.6161616161616161,482,True,0.7777777777777777,0,10,9
70,17,490,0.7575757575757576,0.30303030303030304,559,False,0.8989898989898989,1,7,4
23,9,186,0.3838383838383838,0.33333333333333337,557,True,0.23232323232323232,1,17,3
67,10,101,0.98989898989899,0.13131313131313133,52,True,0.3737373737373737,0,4,16
74,10,532,0.23232323232323232,0.5959595959595959,598,True,0.1616161616161616,1,4,16
23,15,93,0.6464646464646465,0.030303030303030304,183,False,0.8686868686868686,1,10,9
62,13,60,0.43434343434343436,0.6565656565656566,56,True,0.7373737373737373,2,19,7
6,4,77,0.98989898989899,0.494949494949495,571,False,0.0808080808080808,2,3,5
33,15,108,0.494949494949495,0.787878787878788,379,True,0.7676767676767676,0,10,9
30,9,507,0.24242424242424243,0.24242424242424243,566,False,0.3838383838383838,2,17,3
82,6,352,0.1414141414141414,0.8080808080808082,16,False,0.8989898989898989,1,15,0
19,10,166,0.7474747474747475,1.0,133,False,0.3434343434343434,0,4,16
29,0,483,0.7676767676767676,0.5151515151515151,44,True,0.494949494949495,2,13,19
19,10,397,0.7474747474747475,0.5050505050505051,443,True,0.06060606060606061,1,4,16
76,16,290,0.1111111111111111,0.16161616161616163,141,False,0.1616161616161616,0,8,10
54,9,381,0.7878787878787878,0.46464646464646464,81,True,0.505050505050505,1,17,3
49,0,25,0.0,0.15151515151515152,99,True,0.8989898989898989,1,13,19
5,7,19,0.25252525252525254,0.36363636363636365,529,True,0.7171717171717171,1,9,18
72,12,182,0.8888888888888888,0.6767676767676768,467,True,0.7474747474747474,1,6,2
25,13,392,0.26262626262626265,0.6161616161616161,24,False,0.23232323232323232,1,19,7
42,0,46,0.06060606060606061,0.98989898989899,509,True,0.98989898989899,2,13,19
97,14,233,0.9696969696969697,0.24242424242424243,615,False,0.5656565656565656,0,18,11
58,14,25,0.7373737373737373,0.41414141414141414,412,True,0.7373737373737373,2,18,11
22,16,122,0.3838383838383838,0.393939393939394,50,False,0.8282828282828283,1,8,10
34,9,309,0.6767676767676768,0.9292929292929294,520,False,0.2626262626262626,2,17,3
55,3,592,0.8686868686868687,0.888888888888889,273,False,0.7171717171717171,1,14,1
86,4,222,0.7474747474747475,0.1414141414141414,216,True,0.47474747474747475,2,3,5
40,19,18,0.3838383838383838,0.08080808080808081,93,True,0.8080808080808081,1,12,6
40,12,532,0.8080808080808081,0.09090909090909093,531,True,0.030303030303030304,1,6,2
18,4,122,0.898989898989899,0.060606060606060615,416,True,0.9090909090909091,0,3,5
12,3,43,0.1919191919191919,0.5050505050505051,191,True,0.5959595959595959,0,14,1
18,17,576,0.5353535353535354,0.2828282828282828,257,True,0.0,1,7,4
14,12,607,0.30303030303030304,0.6363636363636364,330,False,0.8181818181818181,1,6,2
40,12,134,0.8484848484848485,0.6969696969696969,151,True,0.3939393939393939,0,6,2
56,11,147,0.9292929292929293,0.4444444444444445,259,False,0.5757575757575758,2,2,17
79,13,366,0.3333333333333333,0.1717171717171717,548,True,0.5656565656565656,1,19,7
89,1,608,0.8383838383838383,0.25252525252525254,150,False,0.48484848484848486,1,16,14
44,0,164,0.47474747474747475,0.5555555555555556,257,False,0.8080808080808081,0,13,19
22,2,129,0.7171717171717171,0.0,605,True,0.4242424242424242,0,1,12
61,18,25,0.13131313131313133,0.8383838383838383,216,False,0.8282828282828283,2,5,13
1,15,493,0.5858585858585859,0.41414141414141414,441,False,0.23232323232323232,1,10,9
4,0,62,0.050505050505050504,0.5555555555555556,193,False,0.24242424242424243,2,13,19
36,5,599,0.9292929292929293,0.32323232323232326,312,True,0.0808080808080808,2,0,8
98,11,470,0.2828282828282828,0.5151515151515151,554,True,0.9292929292929293,2,2,17
92,19,66,0.898989898989899,0.19191919191919193,413,True,0.20202020202020202,1,12,6
59,17,629,0.23232323232323232,0.010101010101010102,147,False,0.98989898989899,1,7,4
41,16,230,0.8181818181818182,0.030303030303030304,585,False,0.7272727272727272,1,8,10
36,10,605,0.12121212121212122,0.7777777777777778,306,True,0.7979797979797979,0,4,16
37,14,334,0.98989898989899,0.7777777777777778,554,False,0.9191919191919191,2,18,11
11,10,220,0.696969696969697,0.8181818181818181,238,True,0.3131313131313131,1,4,16
31,3,327,0.16161616161616163,0.18181818181818182,415,False,0.98989898989899,1,14,1
13,15,608,0.696969696969697,0.5353535353535354,536,False,0.606060606060606,1,10,9
36,12,584,0.31313131313131315,0.08080808080808081,178,True,0.3636363636363636,2,6,2
24,7,328,0.6868686868686869,0.7373737373737373,552,False,0.2121212121212121,2,9,18
20,3,160,0.5959595959595959,0.9595959595959596,588,False,0.06060606060606061,2,14,1
54,13,145,0.5454545454545454,0.16161616161616163,116,False,0.7272727272727272,0,19,7
63,10,410,0.1717171717171717,0.6464646464646465,449,True,0.9292929292929293,0,4,16
52,9,578,0.8585858585858586,0.6464646464646465,125,True,0.3838383838383838,0,17,3
90,18,180,0.7777777777777778,0.38383838383838387,362,False,0.606060606060606,1,5,13
5,4,325,0.42424242424242425,0.010101010101010102,547,True,0.12121212121212122,2,3,5
74,16,514,0.06060606060606061,0.6464646464646465,250,True,0.0101010101010101,0,8,10
29,18,135,0.6363636363636364,0.6666666666666667,109,False,0.20202020202020202,2,5,13
50,12,20,0.8888888888888888,0.5757575757575757,386,False,0.0202020202020202,0,6,2
22,8,574,0.6868686868686869,0.030303030303030304,128,False,0.9090909090909091,2,11,15
70,3,484,0.1919191919191919,0.5353535353535354,44,True,0.9191919191919191,1,14,1
51,1,384,0.47474747474747475,0.393939393939394,88,True,0.8282828282828283,2,16,14
75,9,591,0.0707070707070707,0.6464646464646465,611,True,0.0707070707070707,1,17,3
94,4,333,0.010101010101010102,0.31313131313131315,586,False,0.7474747474747474,0,3,5
69,9,102,0.898989898989899,0.6060606060606061,5,True,0.40404040404040403,2,17,3
45,9,171,0.050505050505050504,0.9393939393939393,597,True,0.8383838383838383,2,17,3
95,18,572,0.2727272727272727,0.9797979797979798,282,False,0.3939393939393939,0,5,13
54,0,258,0.5656565656565656,0.33333333333333337,451,True,0.7676767676767676,1,13,19
10,17,44,0.8787878787878788,0.9696969696969697,204,False,0.707070707070707,1,7,4
79,5,13,0.9696969696969697,0.050505050505050504,111,True,0.48484848484848486,1,0,8
0,0,35,0.6464646464646465,0.11111111111111112,31,False,0.13131313131313133,0,13,19
71,2,523,0.24242424242424243,0.9090909090909092,527,False,0.0101010101010101,2,1,12
93,1,132,0.9090909090909091,0.060606060606060615,597,True,0.101010101010101,0,16,14
47,13,34,0.4444444444444444,0.8383838383838383,423,True,0.8686868686868686,0,19,7
19,7,555,0.5353535353535354,0.09090909090909093,30,False,0.494949494949495,2,9,18
79,1,235,0.8080808080808081,0.5454545454545455,218,True,0.6464646464646464,0,16,14
28,1,225,0.6262626262626263,0.42424242424242425,453,False,0.6464646464646464,1,16,14
92,17,369,0.7272727272727273,0.050505050505050504,592,False,0.8282828282828283,1,7,4
27,17,148,0.6868686868686869,0.050505050505050504,536,True,0.2626262626262626,0,7,4
35,11,100,0.6565656565656566,0.5555555555555556,359,False,0.6262626262626262,1,2,17
24,17,519,0.10101010101010101,0.15151515151515152,165,False,0.1111111111111111,0,7,4
27,19,126,0.8484848484848485,0.5757575757575757,197,True,0.40404040404040403,0,12,6
64,10,22,0.10101010101010101,0.7373737373737373,17,False,0.7575757575757575,1,4,16
47,18,199,0.26262626262626265,0.6767676767676768,244,False,0.9393939393939393,2,5,13
67,3,469,0.98989898989899,0.26262626262626265,187,True,0.1515151515151515,1,14,1
35,8,489,0.7777777777777778,0.9292929292929294,209,True,0.8787878787878787,2,11,15
1,9,586,0.5454545454545454,0.16161616161616163,261,True,0.13131313131313133,2,17,3
79,7,503,0.8383838383838383,0.41414141414141414,22,False,0.24242424242424243,2,9,18
58,12,70,0.3939393939393939,0.20202020202020202,591,False,0.5353535353535354,1,6,2
46,18,132,0.15151515151515152,0.48484848484848486,200,True,0.494949494949495,2,5,13
58,16,580,0.8383838383838383,0.8383838383838383,127,False,0.030303030303030304,1,8,10
24,15,222,0.696969696969697,0.9494949494949495,520,False,0.98989898989899,2,10,9
55,16,472,0.32323232323232326,0.030303030303030304,288,False,0.1111111111111111,2,8,10
70,3,268,0.3939393939393939,0.42424242424242425,63,True,0.0404040404040404,1,14,1
6,17,105,0.0,0.888888888888889,474,False,0.8888888888888888,2,7,4
85,8,617,0.9797979797979798,0.3434343434343434,253,True,0.5656565656565656,2,11,15
91,6,565,0.2727272727272727,0.898989898989899,353,True,0.6767676767676768,1,15,0
44,18,265,0.10101010101010101,0.898989898989899,201,False,0.24242424242424243,1,5,13
34,19,349,0.7575757575757576,0.6262626262626263,454,False,0.2727272727272727,0,12,6
75,10,39,0.36363636363636365,0.35353535353535354,516,False,0.17171717171717168,0,4,16
44,19,440,0.8282828282828283,0.43434343434343436,601,False,0.1515151515151515,0,12,6
27,1,631,0.43434343434343436,0.33333333333333337,594,False,0.3333333333333333,2,16,14
52,7,489,0.6464646464646465,0.6767676767676768,49,True,0.06060606060606061,0,9,18
72,8,368,0.9696969696969697,0.3434343434343434,302,True,0.20202020202020202,2,11,15
59,18,113,0.06060606060606061,0.6161616161616161,537,False,0.3636363636363636,2,5,13
69,16,0,0.7777777777777778,0.07070707070707072,543,False,0.9090909090909091,0,8,10
73,17,44,0.43434343434343436,0.6464646464646465,458,False,0.7272727272727272,2,7,4
55,14,351,0.3333333333333333,0.8383838383838383,112,True,0.2828282828282828,1,18,11
36,4,170,0.7171717171717171,0.1414141414141414,616,False,0.3737373737373737,1,3,5
56,1,275,1.0,0.2828282828282828,402,True,0.303030303030303,1,16,14
91,8,430,0.9191919191919192,0.6363636363636364,105,True,0.1111111111111111,1,11,15
71,8,0,0.9595959595959596,0.7373737373737373,583,True,0.2929292929292929,0,11,15
43,9,574,0.48484848484848486,0.35353535353535354,207,False,0.1616161616161616,1,17,3
89,3,547,0.6868686868686869,0.9292929292929294,411,True,0.6161616161616161,2,14,1
39,4,6,0.13131313131313133,0.38383838383838387,573,False,0.2929292929292929,2,3,5
55,11,205,0.32323232323232326,0.6363636363636364,126,True,1.0,0,2,17
54,7,592,0.6161616161616161,0.5555555555555556,346,False,0.6565656565656566,2,9,18
15,10,133,0.696969696969697,0.29292929292929293,560,True,0.12121212121212122,1,4,16
92,0,65,0.6363636363636364,0.7171717171717171,208,False,0.5151515151515151,0,13,19
74,16,317,0.9090909090909091,0.8080808080808082,76,True,0.9797979797979798,1,8,10
35,6,303,0.42424242424242425,0.98989898989899,96,False,0.5151515151515151,0,15,0
23,13,526,0.050505050505050504,0.9393939393939393,544,False,0.0,2,19,7
63,16,210,0.29292929292929293,0.9696969696969697,170,True,0.0101010101010101,2,8,10
13,18,315,0.0707070707070707,0.07070707070707072,21,False,0.48484848484848486,0,5,13
54,4,326,0.04040404040404041,0.5454545454545455,313,False,0.5252525252525252,2,3,5
50,14,401,0.0,0.7171717171717171,212,False,0.5151515151515151,0,18,11
91,12,262,0.40404040404040403,0.8383838383838383,159,False,0.8989898989898989,0,6,2
22,15,220,0.23232323232323232,0.7272727272727273,92,True,0.46464646464646464,0,10,9
11,15,498,0.0707070707070707,0.060606060606060615,222,False,0.3636363636363636,0,10,9
38,5,575,0.6464646464646465,0.5858585858585859,236,False,0.40404040404040403,2,0,8
93,3,107,0.15151515151515152,0.16161616161616163,408,False,0.2525252525252525,0,14,1
69,9,93,0.3333333333333333,0.25252525252525254,455,False,0.5151515151515151,2,17,3
75,7,611,0.1717171717171717,0.98989898989899,13,True,0.5555555555555556,0,9,18
60,1,296,0.1414141414141414,0.9292929292929294,227,True,0.8989898989898989,2,16,14
29,9,506,0.5959595959595959,0.46464646464646464,334,False,0.8484848484848485,1,17,3
21,0,590,0.7575757575757576,0.40404040404040403,584,True,0.5151515151515151,1,13,19
74,10,176,0.31313131313131315,0.5555555555555556,15,True,0.45454545454545453,0,4,16
16,0,107,0.8282828282828283,0.36363636363636365,195,False,1.0,1,13,19
63,8,161,0.5151515151515151,0.494949494949495,372,True,0.40404040404040403,0,11,15
8,14,515,0.5151515151515151,0.050505050505050504,603,False,0.3333333333333333,0,18,11
19,4,20,0.3838383838383838,0.25252525252525254,249,False,0.050505050505050504,0,3,5
25,2,57,0.4444444444444444,0.4444444444444445,35,False,0.7272727272727272,0,1,12
45,9,185,0.18181818181818182,0.9494949494949495,503,False,0.8282828282828283,0,17,3
74,8,556,0.08080808080808081,0.04040404040404041,347,False,0.46464646464646464,2,11,15
77,15,370,0.5757575757575758,0.7171717171717171,65,False,0.3737373737373737,0,10,9
46,6,572,0.8181818181818182,0.35353535353535354,399,True,0.5656565656565656,2,15,0
19,10,329,0.6868686868686869,0.9090909090909092,435,False,0.8484848484848485,1,4,16
65,1,455,0.25252525252525254,0.13131313131313133,217,True,0.7373737373737373,0,16,14
33,17,121,0.1111111111111111,0.1717171717171717,89,True,0.8585858585858585,1,7,4
45,2,309,0.6363636363636364,0.7171717171717171,198,False,0.3535353535353535,0,1,12
46,18,464,0.2828282828282828,0.030303030303030304,434,False,0.2121212121212121,1,5,13
78,11,128,0.3434343434343434,0.24242424242424243,232,True,0.030303030303030304,1,2,17
20,19,266,0.8080808080808081,0.16161616161616163,72,False,0.4343434343434343,1,12,6
66,4,509,0.3434343434343434,0.11111111111111112,452,True,0.0707070707070707,0,3,5
39,10,463,0.5656565656565656,0.6868686868686869,30,False,0.6363636363636364,0,4,16
45,7,632,0.7272727272727273,0.7272727272727273,572,True,0.2828282828282828,0,9,18
29,7,19,0.696969696969697,0.31313131313131315,597,True,0.41414141414141414,1,9,18
64,13,332,0.29292929292929293,0.98989898989899,503,False,0.303030303030303,2,19,7
77,16,486,0.7272727272727273,0.32323232323232326,194,True,0.5757575757575758,2,8,10
30,9,465,0.8686868686868687,0.26262626262626265,512,False,0.3131313131313131,0,17,3
44,16,4,0.8686868686868687,0.888888888888889,524,False,0.4242424242424242,2,8,10
78,5,499,0.7575757575757576,0.6868686868686869,564,False,0.3737373737373737,2,0,8
49,1,391,0.7272727272727273,0.98989898989899,554,False,0.9191919191919191,0,16,14
24,16,359,0.2727272727272727,0.32323232323232326,181,False,0.8383838383838383,2,8,10
65,12,417,0.4444444444444444,0.6868686868686869,468,True,0.6565656565656566,2,6,2
21,13,338,0.47474747474747475,0.6363636363636364,410,False,0.06060606060606061,1,19,7
62,12,114,0.10101010101010101,0.48484848484848486,277,True,0.5353535353535354,2,6,2
96,11,538,0.5656565656565656,0.4444444444444445,270,True,0.47474747474747475,2,2,17
23,9,251,0.5858585858585859,0.393939393939394,575,False,0.4343434343434343,0,17,3
60,15,511,0.16161616161616163,0.7676767676767677,499,False,0.7979797979797979,0,10,9
25,2,21,0.030303030303030304,0.6060606060606061,300,True,0.09090909090909091,1,1,12
33,2,199,0.050505050505050504,0.20202020202020202,377,False,0.2929292929292929,1,1,12
81,7,567,0.9292929292929293,0.35353535353535354,343,True,0.48484848484848486,2,9,18
53,2,552,0.42424242424242425,0.6767676767676768,95,False,0.9292929292929293,1,1,12
41,6,277,0.29292929292929293,0.6767676767676768,63,False,0.12121212121212122,1,15,0
84,19,131,0.29292929292929293,0.5252525252525253,175,True,0.20202020202020202,2,12,6
97,5,73,0.08080808080808081,0.1414141414141414,304,False,0.8787878787878787,0,0,8
23,3,307,0.26262626262626265,0.38383838383838387,53,False,0.4343434343434343,0,14,1
8,6,603,0.08080808080808081,0.29292929292929293,478,False,0.7171717171717171,0,15,0
34,2,171,0.2222222222222222,0.8787878787878788,276,False,0.3838383838383838,2,1,12
11,2,144,0.8181818181818182,0.6262626262626263,475,True,0.0808080808080808,1,1,12
32,17,483,0.2727272727272727,0.26262626262626265,25,False,0.494949494949495,0,7,4
52,11,502,0.1111111111111111,0.16161616161616163,339,False,0.5858585858585857,2,2,17
39,0,563,0.6565656565656566,0.26262626262626265,118,False,0.13131313131313133,1,13,19
16,3,29,0.6666666666666666,0.9494949494949495,262,True,0.696969696969697,0,14,1
52,15,53,0.6363636363636364,0.5656565656565656,104,False,0.9696969696969697,2,10,9
72,19,181,0.7373737373737373,0.42424242424242425,136,False,0.6565656565656566,2,12,6
20,16,394,0.8787878787878788,0.37373737373737376,478,False,0.8989898989898989,2,8,10
30,0,277,0.020202020202020204,0.6868686868686869,132,True,0.2525252525252525,1,13,19
15,11,10,0.7676767676767676,0.10101010101010102,226,True,0.48484848484848486,1,2,17
10,13,436,0.050505050505050504,0.7171717171717171,540,False,0.1919191919191919,0,19,7
62,7,408,0.29292929292929293,0.46464646464646464,440,False,0.5252525252525252,2,9,18
18,5,298,0.47474747474747475,0.6969696969696969,96,False,0.5757575757575758,1,0,8
1,14,476,0.06060606060606061,0.9595959595959596,526,False,0.303030303030303,1,18,11
28,0,200,0.8686868686868687,0.0202020202020202,577,True,0.3131313131313131,0,13,19
42,7,356,0.5656565656565656,0.4444444444444445,514,True,0.3838383838383838,0,9,18
45,11,103,0.6464646464646465,0.7373737373737373,16,False,0.5858585858585857,1,2,17
5,5,378,0.2828282828282828,0.888888888888889,521,False,0.6161616161616161,2,0,8
34,10,11,0.3939393939393939,0.6565656565656566,447,True,0.8686868686868686,2,4,16
57,5,437,0.7575757575757576,0.26262626262626265,311,False,0.9797979797979798,2,0,8
89,16,433,0.3939393939393939,0.7777777777777778,580,False,0.494949494949495,1,8,10
54,19,8,0.5252525252525253,0.5555555555555556,568,True,0.41414141414141414,1,12,6
17,13,283,0.1919191919191919,0.35353535353535354,398,True,0.6363636363636364,1,19,7
84,0,517,0.696969696969697,0.8484848484848485,250,True,0.8686868686868686,2,13,19
2,13,143,0.18181818181818182,0.0202020202020202,263,True,0.7575757575757575,2,19,7
66,8,598,0.8080808080808081,0.24242424242424243,313,False,0.1111111111111111,0,11,15
93,19,196,0.5757575757575758,0.8080808080808082,130,False,0.7272727272727272,0,12,6
73,12,303,0.8181818181818182,0.898989898989899,366,False,0.47474747474747475,0,6,2
20,7,209,0.1919191919191919,0.8181818181818181,292,True,0.3131313131313131,2,9,18
33,17,258,0.8484848484848485,0.0,295,True,0.050505050505050504,0,7,4
34,11,138,0.04040404040404041,0.8282828282828283,534,True,0.7373737373737373,0,2,17
99,3,434,0.4444444444444444,0.15151515151515152,573,False,0.9292929292929293,0,14,1
65,18,74,0.13131313131313133,0.3434343434343434,73,True,0.5555555555555556,1,5,13
79,17,559,0.6868686868686869,0.8282828282828283,41,True,0.1616161616161616,2,7,4
59,18,99,1.0,0.13131313131313133,252,False,0.7979797979797979,0,5,13
48,12,256,0.6262626262626263,0.010101010101010102,433,False,0.9393939393939393,1,6,2
39,7,456,0.48484848484848486,0.7777777777777778,0,False,0.4343434343434343,2,9,18
77,10,32,0.6767676767676768,0.07070707070707072,77,True,0.6262626262626262,1,4,16
9,1,173,0.18181818181818182,0.25252525252525254,54,False,0.3636363636363636,2,16,14
53,13,462,0.37373737373737376,0.7272727272727273,492,True,0.23232323232323232,1,19,7
65,12,365,0.6868686868686869,0.9797979797979798,32,False,0.101010101010101,1,6,2
48,6,491,0.3939393939393939,0.48484848484848486,438,True,0.3232323232323232,0,15,0
56,7,494,0.7878787878787878,0.8787878787878788,479,True,0.3434343434343434,1,9,18
13,12,284,0.7171717171717171,0.5757575757575757,276,False,0.7474747474747474,0,6,2
92,14,58,0.6161616161616161,0.43434343434343436,331,True,0.46464646464646464,0,18,11
71,12,145,0.06060606060606061,0.393939393939394,610,False,0.1515151515151515,2,6,2
9,3,482,0.7474747474747475,0.797979797979798,194,True,0.707070707070707,2,14,1
76,5,53,0.9696969696969697,0.0202020202020202,470,True,0.6666666666666666,0,0,8
50,15,157,0.8686868686868687,0.15151515151515152,506,True,0.0202020202020202,0,10,9
88,7,409,0.7272727272727273,0.04040404040404041,189,False,0.8686868686868686,2,9,18
34,18,411,0.020202020202020204,0.46464646464646464,405,False,0.0202020202020202,2,5,13
92,15,609,0.5454545454545454,0.9292929292929294,246,True,0.9292929292929293,0,10,9
44,9,172,0.5151515151515151,0.5959595959595959,412,True,0.0,0,17,3
37,15,162,0.9494949494949495,0.07070707070707072,191,True,0.7272727272727272,1,10,9
1,7,485,0.30303030303030304,0.5858585858585859,357,False,1.0,2,9,18
76,16,215,0.6363636363636364,0.7474747474747475,613,True,0.5151515151515151,1,8,10
48,0,151,0.43434343434343436,0.10101010101010102,585,True,0.5353535353535354,1,13,19
77,11,547,0.6262626262626263,0.6161616161616161,456,True,0.3333333333333333,0,2,17
14,3,437,0.8282828282828283,0.5959595959595959,375,True,0.0101010101010101,2,14,1
84,0,499,0.37373737373737376,0.47474747474747475,517,True,0.505050505050505,1,13,19
13,4,282,0.6161616161616161,0.6363636363636364,461,False,0.7373737373737373,1,3,5
68,4,27,0.5959595959595959,0.8181818181818181,94,True,0.0808080808080808,2,3,5
73,0,211,0.7171717171717171,0.37373737373737376,85,True,0.2626262626262626,2,13,19
72,7,592,0.8383838383838383,0.23232323232323232,333,True,0.0404040404040404,0,9,18
5,0,210,0.6060606060606061,0.37373737373737376,350,False,0.6767676767676768,2,13,19
26,6,625,0.8080808080808081,0.32323232323232326,424,False,0.9191919191919191,2,15,0
4,5,354,0.1717171717171717,0.9292929292929294,556,False,0.2121212121212121,1,0,8
33,12,303,0.8888888888888888,0.7575757575757576,156,False,0.17171717171717168,1,6,2
88,3,252,0.7373737373737373,0.393939393939394,360,True,0.5656565656565656,0,14,1
87,14,130,0.2727272727272727,0.010101010101010102,252,False,0.06060606060606061,2,18,11
3,8,222,0.8484848484848485,0.787878787878788,268,True,0.696969696969697,2,11,15
62,18,174,0.3333333333333333,0.5555555555555556,423,True,0.6767676767676768,2,5,13
26,6,389,0.8787878787878788,0.010101010101010102,391,False,0.5353535353535354,2,15,0
84,8,268,0.08080808080808081,0.5353535353535354,541,True,0.8787878787878787,1,11,15
3,2,505,1.0,0.8383838383838383,233,False,0.2525252525252525,0,1,12
14,19,83,0.050505050505050504,0.4444444444444445,519,True,0.9090909090909091,1,12,6
72,16,72,0.494949494949495,0.6767676767676768,571,True,0.40404040404040403,2,8,10
30,6,41,0.35353535353535354,0.7272727272727273,161,False,0.9494949494949495,1,15,0
33,1,439,0.6161616161616161,0.8484848484848485,401,True,0.13131313131313133,2,16,14
86,19,106,0.47474747474747475,0.898989898989899,28,False,0.7474747474747474,2,12,6
55,19,517,0.8787878787878788,0.0202020202020202,551,True,0.9090909090909091,2,12,6
29,15,48,0.9090909090909091,0.7777777777777778,347,True,0.2121212121212121,0,10,9
82,9,127,0.3333333333333333,0.35353535353535354,209,True,0.9191919191919191,2,17,3
76,4,423,0.21212121212121213,0.0,587,True,0.3939393939393939,2,3,5
91,11,353,0.3939393939393939,0.23232323232323232,439,False,0.2525252525252525,2,2,17
15,3,454,0.5555555555555556,0.31313131313131315,271,False,0.3636363636363636,0,14,1
32,6,557,0.6464646464646465,0.08080808080808081,558,True,0.4242424242424242,1,15,0
39,9,404,0.3939393939393939,0.42424242424242425,579,True,0.6666666666666666,2,17,3
98,18,570,0.494949494949495,0.6666666666666667,281,True,0.40404040404040403,1,5,13
34,17,24,0.47474747474747475,0.6060606060606061,61,True,0.8181818181818181,1,7,4
76,11,474,0.6868686868686869,0.42424242424242425,464,False,0.9292929292929293,0,2,17
69,9,507,0.8181818181818182,0.2828282828282828,487,False,0.7575757575757575,1,17,3
36,13,298,0.7676767676767676,0.40404040404040403,445,True,0.41414141414141414,0,19,7
77,4,555,0.5959595959595959,0.5858585858585859,235,True,0.9595959595959596,2,3,5
96,15,381,0.3939393939393939,0.060606060606060615,183,True,1.0,1,10,9
47,17,189,0.46464646464646464,0.48484848484848486,289,True,0.7373737373737373,2,7,4
3,7,582,0.5959595959595959,0.32323232323232326,65,False,0.9696969696969697,0,9,18
28,15,341,0.21212121212121213,0.7474747474747475,321,False,0.14141414141414138,1,10,9
46,19,291,0.8080808080808081,0.6969696969696969,4,False,0.2929292929292929,2,12,6
99,9,293,0.696969696969697,0.8787878787878788,139,False,0.7575757575757575,1,17,3
47,5,140,0.8787878787878788,0.29292929292929293,104,True,0.47474747474747475,0,0,8
1,6,428,0.20202020202020202,0.30303030303030304,418,True,0.8787878787878787,1,15,0
47,3,608,0.797979797979798,0.11111111111111112,596,True,0.030303030303030304,1,14,1
57,10,479,0.8585858585858586,0.0,138,False,0.2828282828282828,2,4,16
91,19,486,0.7070707070707071,0.7676767676767677,611,False,0.24242424242424243,2,12,6
92,15,461,0.8282828282828283,0.898989898989899,501,True,0.6666666666666666,1,10,9
81,15,605,0.3434343434343434,0.6666666666666667,183,False,0.8383838383838383,0,10,9
23,10,167,0.25252525252525254,0.9191919191919192,181,False,0.9292929292929293,1,4,16
75,19,9,0.10101010101010101,0.6969696969696969,364,True,0.8585858585858585,1,12,6
87,14,261,0.9797979797979798,0.393939393939394,59,False,0.2525252525252525,1,18,11
68,6,430,0.0,0.0,234,True,0.6767676767676768,2,15,0
3,12,280,0.40404040404040403,0.7575757575757576,228,False,0.6262626262626262,1,6,2
95,8,32,0.050505050505050504,0.98989898989899,342,False,0.5959595959595959,1,11,15
66,10,279,0.5050505050505051,0.19191919191919193,143,False,0.1919191919191919,1,4,16
78,2,340,0.010101010101010102,0.8787878787878788,206,False,0.8181818181818181,2,1,12
46,6,88,0.8383838383838383,0.888888888888889,538,False,0.45454545454545453,1,15,0
96,11,372,0.7272727272727273,0.24242424242424243,27,False,0.8181818181818181,1,2,17
99,14,439,0.5151515151515151,0.8383838383838383,384,True,0.06060606060606061,2,18,11
17,18,46,0.98989898989899,0.8585858585858586,543,False,0.6666666666666666,0,5,13
90,14,331,0.13131313131313133,0.47474747474747475,115,True,0.1515151515151515,1,18,11
10,17,25,0.13131313131313133,0.42424242424242425,38,False,0.9090909090909091,2,7,4
74,7,265,0.5252525252525253,0.37373737373737376,551,False,0.7474747474747474,2,9,18
96,0,302,0.10101010101010101,0.27272727272727276,265,False,0.1111111111111111,2,13,19
52,6,513,0.8484848484848485,0.1717171717171717,171,False,0.8888888888888888,0,15,0
57,15,146,0.1111111111111111,0.21212121212121213,7,False,0.303030303030303,0,10,9
57,2,280,0.3838383838383838,0.6666666666666667,477,True,0.2828282828282828,0,1,12
90,16,145,0.48484848484848486,0.8181818181818181,202,False,0.8484848484848485,2,8,10
82,10,111,0.04040404040404041,0.12121212121212123,232,True,0.5555555555555556,1,4,16
27,3,332,0.797979797979798,0.11111111111111112,225,False,0.0,1,14,1
92,0,294,0.46464646464646464,0.31313131313131315,381,False,0.7979797979797979,2,13,19
23,5,125,0.7878787878787878,0.8181818181818181,536,True,0.6363636363636364,2,0,8
43,3,422,0.0,0.2828282828282828,150,False,0.2626262626262626,0,14,1
9,17,428,0.9191919191919192,0.32323232323232326,67,True,0.9696969696969697,2,7,4
53,2,398,0.2727272727272727,0.5454545454545455,594,True,0.0404040404040404,2,1,12
10,7,480,0.36363636363636365,0.6262626262626263,137,True,0.8585858585858585,2,9,18
46,6,223,0.20202020202020202,0.0,51,False,0.40404040404040403,0,15,0
95,14,288,0.36363636363636365,0.010101010101010102,607,True,0.6464646464646464,0,18,11
5,6,69,0.7676767676767676,0.9191919191919192,433,False,0.17171717171717168,0,15,0
46,16,129,0.08080808080808081,0.7171717171717171,530,False,0.7373737373737373,2,8,10
68,1,89,0.5454545454545454,0.7070707070707071,590,False,0.2626262626262626,1,16,14
54,3,497,0.9797979797979798,0.5050505050505051,212,False,0.2525252525252525,0,14,1
94,18,615,0.18181818181818182,0.5656565656565656,367,True,0.0101010101010101,1,5,13
2,6,57,0.5656565656565656,0.5959595959595959,504,True,0.2929292929292929,1,15,0
92,9,178,0.5050505050505051,0.41414141414141414,389,True,0.9191919191919191,1,17,3
37,5,203,0.5050505050505051,0.23232323232323232,398,True,0.3131313131313131,2,0,8
93,15,583,0.7474747474747475,0.7676767676767677,183,True,0.23232323232323232,2,10,9
23,13,97,0.5656565656565656,0.393939393939394,33,False,0.6262626262626262,1,19,7
52,0,424,0.5959595959595959,0.16161616161616163,448,True,0.0202020202020202,1,13,19
5,12,103,0.010101010101010102,0.46464646464646464,430,True,0.606060606060606,2,6,2
57,5,349,0.898989898989899,0.5151515151515151,491,False,0.41414141414141414,1,0,8
93,16,323,0.8484848484848485,0.29292929292929293,267,False,0.5151515151515151,0,8,10
10,7,575,0.3939393939393939,0.9191919191919192,549,False,0.5555555555555556,0,9,18
78,16,216,0.3434343434343434,0.07070707070707072,306,True,0.2121212121212121,0,8,10
70,8,125,0.050505050505050504,0.6666666666666667,239,True,0.0,1,11,15
96,5,628,0.6767676767676768,0.9191919191919192,287,True,0.47474747474747475,2,0,8
4,18,614,0.8181818181818182,0.6060606060606061,196,True,0.494949494949495,2,5,13
34,17,450,0.47474747474747475,0.6969696969696969,192,True,0.8585858585858585,1,7,4
59,18,451,0.5454545454545454,0.43434343434343436,396,False,0.101010101010101,0,5,13
53,12,478,0.20202020202020202,0.29292929292929293,229,True,0.6363636363636364,0,6,2
25,18,188,0.5656565656565656,0.10101010101010102,327,True,0.5353535353535354,1,5,13
30,3,531,0.9292929292929293,0.8383838383838383,444,False,0.2727272727272727,2,14,1
70,9,232,0.10101010101010101,0.5252525252525253,163,True,0.6464646464646464,1,17,3
21,14,408,0.5555555555555556,0.04040404040404041,300,False,0.14141414141414138,2,18,11
44,7,582,0.5353535353535354,0.8787878787878788,174,True,0.303030303030303,0,9,18
5,8,613,0.2727272727272727,0.13131313131313133,209,False,0.0,0,11,15
81,6,157,0.10101010101010101,0.010101010101010102,149,False,0.9595959595959596,0,15,0
77,15,243,0.6161616161616161,0.7474747474747475,471,False,0.1818181818181818,2,10,9
6,11,428,0.7373737373737373,0.7676767676767677,133,True,0.7878787878787878,0,2,17
53,10,207,0.1111111111111111,0.11111111111111112,317,False,0.505050505050505,0,4,16
53,14,383,0.2727272727272727,0.4545454545454546,173,False,0.8181818181818181,1,18,11
31,12,594,0.30303030303030304,0.9191919191919192,286,True,0.8282828282828283,2,6,2
78,9,492,0.696969696969697,0.33333333333333337,163,True,0.6262626262626262,2,17,3
20,5,159,0.15151515151515152,0.5353535353535354,410,True,0.5151515151515151,2,0,8
43,11,373,0.3434343434343434,0.797979797979798,459,False,0.09090909090909091,2,2,17
79,11,420,0.8787878787878788,0.7272727272727273,312,True,0.7878787878787878,0,2,17
41,17,582,0.8484848484848485,0.22222222222222224,199,False,0.5252525252525252,2,7,4
14,14,555,0.8181818181818182,0.8787878787878788,573,False,0.3939393939393939,1,18,11
23,1,495,0.15151515151515152,0.21212121212121213,132,True,0.2121212121212121,1,16,14
55,18,267,0.16161616161616163,0.19191919191919193,231,False,0.7474747474747474,0,5,13
16,15,202,0.6363636363636364,0.8080808080808082,388,False,0.47474747474747475,2,10,9
34,1,610,0.1717171717171717,0.6060606060606061,57,False,0.3939393939393939,2,16,14
30,18,341,0.1111111111111111,0.7777777777777778,502,True,0.101010101010101,2,5,13
5,9,350,0.15151515151515152,0.46464646464646464,209,True,0.9797979797979798,1,17,3
26,17,311,0.020202020202020204,0.9292929292929294,536,False,0.0101010101010101,0,7,4
90,3,429,0.3333333333333333,0.9797979797979798,511,False,0.17171717171717168,0,14,1
65,10,17,0.7272727272727273,0.30303030303030304,235,True,1.0,2,4,16
46,8,266,0.5353535353535354,0.8787878787878788,473,False,0.707070707070707,0,11,15
80,8,524,0.48484848484848486,0.46464646464646464,481,False,0.13131313131313133,1,11,15
73,18,21,0.7676767676767676,0.7676767676767677,371,False,0.5757575757575758,0,5,13
73,0,267,0.26262626262626265,0.12121212121212123,18,False,0.5353535353535354,1,13,19
87,13,335,0.3939393939393939,0.5757575757575757,152,True,0.0808080808080808,2,19,7
50,6,163,0.020202020202020204,0.41414141414141414,19,True,0.46464646464646464,1,15,0
53,8,470,0.6464646464646465,0.27272727272727276,294,True,0.8080808080808081,2,11,15
1,7,581,0.20202020202020202,0.1717171717171717,100,False,0.7171717171717171,0,9,18
50,2,23,0.37373737373737376,0.11111111111111112,284,True,0.0101010101010101,2,1,12
66,4,471,0.5757575757575758,0.42424242424242425,602,False,0.7878787878787878,2,3,5
37,10,342,0.6565656565656566,0.8484848484848485,119,False,0.8787878787878787,2,4,16
77,3,297,0.1111111111111111,0.07070707070707072,269,True,0.17171717171717168,1,14,1
38,18,178,0.31313131313131315,0.20202020202020202,147,True,0.9090909090909091,0,5,13
87,10,285,0.7777777777777778,0.30303030303030304,389,False,0.1919191919191919,0,4,16
29,14,601,0.30303030303030304,0.060606060606060615,447,True,0.4444444444444444,1,18,11
43,1,396,0.6262626262626263,0.7474747474747475,42,True,0.6161616161616161,1,16,14
56,4,592,0.2222222222222222,0.04040404040404041,3,True,0.3434343434343434,0,3,5
4,5,94,0.04040404040404041,0.20202020202020202,255,True,0.0404040404040404,0,0,8
70,18,492,0.18181818181818182,0.8282828282828283,531,True,0.9696969696969697,0,5,13
28,5,298,0.7171717171717171,0.26262626262626265,239,False,0.9595959595959596,2,0,8
74,16,241,0.40404040404040403,0.8080808080808082,122,True,0.6767676767676768,1,8,10
99,17,426,0.7373737373737373,0.8080808080808082,592,True,0.3737373737373737,0,7,4
20,8,36,0.2222222222222222,0.393939393939394,187,True,0.3434343434343434,0,11,15
71,1,196,0.7070707070707071,0.7676767676767677,131,True,0.505050505050505,1,16,14
7,17,54,0.8383838383838383,0.7070707070707071,168,True,0.5656565656565656,1,7,4
43,1,357,0.9595959595959596,0.494949494949495,70,False,0.48484848484848486,1,16,14
69,3,600,0.6363636363636364,0.46464646464646464,308,True,0.46464646464646464,1,14,1
52,18,491,0.7171717171717171,0.6565656565656566,48,True,0.3131313131313131,0,5,13
25,3,394,0.23232323232323232,0.21212121212121213,298,False,0.23232323232323232,0,14,1
11,9,236,0.0707070707070707,0.8181818181818181,547,True,0.17171717171717168,1,17,3
24,7,247,0.8585858585858586,0.030303030303030304,564,True,0.7373737373737373,1,9,18
68,2,460,0.13131313131313133,0.6363636363636364,169,True,0.0,0,1,12
73,11,483,0.30303030303030304,0.5959595959595959,604,False,0.3131313131313131,0,2,17
0,2,369,0.8080808080808081,0.5151515151515151,211,False,0.7777777777777777,0,1,12
24,14,168,0.46464646464646464,0.8383838383838383,62,False,0.8282828282828283,1,18,11
96,5,186,0.050505050505050504,0.050505050505050504,502,True,1.0,0,0,8
35,6,141,0.46464646464646464,0.9595959595959596,316,False,0.48484848484848486,2,15,0
24,9,56,0.7070707070707071,0.98989898989899,210,True,0.4242424242424242,1,17,3
43,4,154,0.8484848484848485,0.8282828282828283,568,True,0.3232323232323232,0,3,5
40,12,45,0.6363636363636364,0.43434343434343436,582,False,0.0707070707070707,0,6,2
46,3,523,0.7777777777777778,0.22222222222222224,497,True,0.1111111111111111,0,14,1
74,8,224,0.6868686868686869,0.21212121212121213,82,False,0.1111111111111111,2,11,15
54,16,415,0.5757575757575758,0.6565656565656566,355,True,0.3434343434343434,1,8,10
44,18,310,0.41414141414141414,0.494949494949495,305,True,0.8989898989898989,1,5,13
26,8,214,0.5151515151515151,0.010101010101010102,258,True,0.48484848484848486,1,11,15
82,12,90,0.8080808080808081,0.6161616161616161,538,False,0.5151515151515151,0,6,2
49,6,485,0.3838383838383838,0.42424242424242425,380,True,0.7777777777777777,0,15,0
14,8,115,0.41414141414141414,0.37373737373737376,363,True,0.9191919191919191,2,11,15
7,8,501,0.5151515151515151,0.5353535353535354,106,False,0.6868686868686869,2,11,15
81,2,353,0.8888888888888888,0.5757575757575757,108,True,0.9494949494949495,1,1,12
82,15,421,0.6767676767676768,0.8585858585858586,223,True,0.3838383838383838,1,10,9
54,12,92,0.6767676767676768,0.8181818181818181,339,True,0.1111111111111111,1,6,2
13,11,528,0.5858585858585859,0.18181818181818182,436,False,0.8686868686868686,0,2,17
46,3,341,0.37373737373737376,0.11111111111111112,247,False,0.7575757575757575,1,14,1
32,7,238,0.15151515151515152,0.3434343434343434,452,False,0.6767676767676768,2,9,18
44,11,301,0.6464646464646465,1.0,27,False,0.98989898989899,2,2,17
73,2,251,0.8686868686868687,0.050505050505050504,419,False,0.7676767676767676,1,1,12
58,19,130,0.43434343434343436,0.33333333333333337,278,True,0.3737373737373737,0,12,6
62,15,237,0.7171717171717171,0.797979797979798,402,False,0.030303030303030304,0,10,9
14,15,429,0.5555555555555556,0.8282828282828283,216,True,0.48484848484848486,2,10,9
